Platform,Party,Bioguide ID,Number of Active Accounts,Max Total Followers,Start of Term,End of Term,First Post,Last Post,Total Posts,Average Post Favorites/Reactions,Average Post Retweets/Shares
facebook,R,A000055,1,22404.0,2019-01-01,,2019-01-18,2020-05-29,325.0,108,35
facebook,R,A000360,2,57405.0,2019-01-01,,2019-01-02,2020-05-31,677.0,177,23
facebook,(R),A000367,2,140238.0,2019-01-01,,2019-01-01,2020-05-16,57.0,2197,495
facebook,R,A000369,1,9376.0,2019-01-01,,2019-01-04,2020-05-18,89.0,118,18
facebook,D,A000370,2,19146.0,2019-01-01,,2019-01-01,2020-05-30,612.0,54,10
facebook,D,A000371,2,11086.0,2019-01-01,,2019-01-02,2020-05-29,317.0,137,15
facebook,R,A000372,2,147433.0,2019-01-01,,2019-01-01,2020-05-28,673.0,76,14
facebook,R,A000374,2,69133.0,2019-01-01,,2019-01-01,2020-05-30,1347.0,503,180
facebook,R,A000375,2,45163.0,2019-01-01,,2019-01-04,2020-05-29,568.0,148,26
facebook,D,A000376,2,21259.0,2019-01-01,,2019-01-01,2020-05-31,1409.0,102,9
facebook,R,A000377,2,8721.0,2019-01-01,,2019-01-02,2020-05-29,954.0,92,11
facebook,D,A000378,2,8354.0,2019-01-01,,2019-01-02,2020-05-30,1047.0,63,7
facebook,D,B000490,2,12601.0,2019-01-01,,2019-01-01,2020-05-29,264.0,72,17
facebook,D,B000574,1,51637.0,2019-01-01,,2019-01-02,2020-05-31,408.0,318,30
facebook,R,B000575,2,64427.0,2019-01-01,,2019-01-01,2020-05-27,584.0,198,22
facebook,R,B000755,2,35325.0,2019-01-01,,2019-01-01,2020-05-30,1651.0,48,15
facebook,D,B000944,2,227783.0,2019-01-01,,2019-01-01,2020-05-29,645.0,1016,440
facebook,R,B001135,1,27914.0,2019-01-01,,2019-01-01,2020-04-21,83.0,491,49
facebook,D,B001230,2,170627.0,2019-01-01,,2019-01-01,2020-05-29,602.0,438,54
facebook,R,B001236,2,40983.0,2019-01-01,,2019-01-01,2020-05-28,699.0,96,15
facebook,R,B001243,2,147926.0,2019-01-01,,2019-01-02,2020-05-31,1679.0,635,96
facebook,R,B001248,1,8328.0,2019-01-01,,2019-01-01,2020-05-29,378.0,120,15
facebook,R,B001250,1,6687.0,2019-01-01,,2019-01-05,2020-05-29,87.0,115,12
facebook,D,B001251,1,10568.0,2019-01-01,,2019-01-01,2020-05-29,279.0,80,19
facebook,R,B001257,2,77654.0,2019-01-01,,2019-01-01,2020-05-31,1527.0,82,45
facebook,R,B001260,2,56647.0,2019-01-01,,2019-01-02,2020-05-29,370.0,302,55
facebook,R,B001261,2,35115.0,2019-01-01,,2019-01-03,2020-05-29,359.0,177,26
facebook,D,B001267,2,163858.0,2019-01-01,,2019-01-01,2020-05-30,1751.0,448,84
facebook,D,B001270,2,53144.0,2019-01-01,,2019-01-01,2020-05-31,875.0,85,26
facebook,R,B001274,2,52824.0,2019-01-01,,2019-01-02,2020-05-29,533.0,231,74
facebook,R,B001275,2,28665.0,2019-01-01,,2019-01-01,2020-05-30,592.0,69,12
facebook,D,B001277,2,79667.0,2019-01-01,,2019-01-01,2020-05-29,325.0,265,30
facebook,D,B001278,2,23675.0,2019-01-01,,2019-01-01,2020-05-30,679.0,88,8
facebook,D,B001281,2,45552.0,2019-01-01,,2019-01-01,2020-05-31,1095.0,196,39
facebook,R,B001282,2,49197.0,2019-01-01,,2019-01-04,2020-05-31,686.0,129,31
facebook,R,B001284,2,40397.0,2019-01-01,,2019-01-07,2020-05-30,376.0,68,8
facebook,D,B001285,2,21126.0,2019-01-01,,2019-01-01,2020-05-29,1191.0,84,10
facebook,D,B001286,2,52066.0,2019-01-01,,2019-01-01,2020-05-30,1491.0,104,14
facebook,D,B001287,2,32702.0,2019-01-01,,2019-01-01,2020-05-29,401.0,82,7
facebook,D,B001288,2,2334224.0,2019-01-01,,2019-01-02,2020-05-31,1505.0,1424,155
facebook,R,B001289,2,47325.0,2019-01-01,,2019-01-01,2020-05-30,2930.0,178,55
facebook,R,B001291,2,66355.0,2019-01-01,,2019-01-01,2020-05-31,1159.0,194,55
facebook,D,B001292,2,39886.0,2019-01-01,,2019-01-01,2020-05-30,1408.0,235,54
facebook,R,B001295,2,38210.0,2019-01-01,,2019-01-01,2020-05-31,905.0,251,40
facebook,D,B001296,2,14727.0,2019-01-01,,2019-01-01,2020-05-28,585.0,99,10
facebook,R,B001297,2,32008.0,2019-01-01,,2019-01-04,2020-05-27,434.0,138,24
facebook,R,B001298,2,12780.0,2019-01-01,,2019-01-02,2020-05-31,2166.0,82,6
facebook,R,B001299,2,24402.0,2019-01-01,,2019-01-01,2020-05-31,1301.0,163,31
facebook,D,B001300,1,8331.0,2019-01-01,,2019-01-01,2020-05-31,896.0,93,13
facebook,R,B001301,2,21754.0,2019-01-01,,2019-01-02,2020-05-29,638.0,255,36
facebook,R,B001302,2,33819.0,2019-01-01,,2019-01-01,2020-05-31,1741.0,257,52
facebook,D,B001303,2,23097.0,2019-01-01,,2019-01-01,2020-05-31,321.0,179,29
facebook,D,B001304,2,46131.0,2019-01-01,,2019-01-01,2020-05-31,547.0,94,21
facebook,R,B001305,2,34349.0,2019-01-01,,2019-01-01,2020-05-30,1174.0,174,26
facebook,R,B001306,2,4445.0,2019-01-01,,2019-01-04,2020-05-31,402.0,42,4
facebook,R,B001307,2,7352.0,2019-01-01,,2019-01-04,2020-05-30,420.0,41,5
facebook,D,B001308,2,28763.0,2019-01-01,,2019-01-01,2020-05-31,1753.0,114,11
facebook,R,B001309,2,15492.0,2019-01-01,,2019-01-03,2020-05-31,483.0,215,31
facebook,R,B001310,2,67710.0,2019-01-01,,2019-01-03,2020-05-28,634.0,468,53
facebook,R,B001311,1,10618.0,2019-09-17,,2019-09-18,2020-05-30,57.0,372,113
facebook,R,C000059,2,23929.0,2019-01-01,,2019-01-01,2020-05-31,201.0,253,54
facebook,D,C000127,1,55448.0,2019-01-01,,2019-01-03,2020-05-31,398.0,425,49
facebook,D,C000141,2,37221.0,2019-01-01,,2019-01-03,2020-05-28,366.0,231,30
facebook,D,C000174,2,20215.0,2019-01-01,,2019-01-04,2020-05-31,477.0,105,11
facebook,R,C000266,2,14852.0,2019-01-01,,2019-01-01,2020-05-30,507.0,76,6
facebook,D,C000537,2,50538.0,2019-01-01,,2019-01-04,2020-05-30,660.0,117,25
facebook,D,C000754,2,20323.0,2019-01-01,,2019-01-03,2020-05-29,495.0,97,16
facebook,R,C000880,2,14294.0,2019-01-01,,2019-01-01,2020-05-29,513.0,77,10
facebook,D,C000984,2,153157.0,2019-01-01,2019-10-16,2019-01-01,2019-10-03,178.0,772,83
facebook,R,C001035,2,106603.0,2019-01-01,,2019-01-02,2020-05-31,1033.0,199,19
facebook,R,C001047,2,72825.0,2019-01-01,,2019-01-02,2020-05-31,1752.0,129,21
facebook,D,C001049,1,3183.0,2019-01-01,,2019-01-02,2020-05-30,367.0,77,15
facebook,R,C001051,2,43204.0,2019-01-01,,2019-01-01,2020-05-31,1095.0,62,14
facebook,R,C001053,2,27766.0,2019-01-01,,2019-01-10,2020-05-30,469.0,65,13
facebook,D,C001055,1,1287.0,2019-01-01,,2019-01-05,2020-05-30,661.0,23,2
facebook,R,C001056,2,524629.0,2019-01-01,,2019-01-01,2020-05-31,1359.0,442,71
facebook,D,C001059,2,7078.0,2019-01-01,,2019-01-02,2020-05-31,822.0,58,9
facebook,D,C001061,2,31789.0,2019-01-01,,2019-01-03,2020-05-26,340.0,173,26
facebook,R,C001062,2,12611.0,2019-01-01,,2019-01-01,2020-05-31,740.0,56,9
facebook,D,C001063,2,25214.0,2019-01-01,,2019-01-03,2020-05-31,1053.0,50,6
facebook,D,C001066,2,16765.0,2019-01-01,,2019-01-01,2020-05-31,965.0,55,7
facebook,D,C001067,2,21542.0,2019-01-01,,2019-01-01,2020-05-31,645.0,20,4
facebook,D,C001068,2,31110.0,2019-01-01,,2019-01-01,2020-05-30,991.0,113,16
facebook,D,C001069,2,25444.0,2019-01-01,,2019-01-01,2020-05-29,811.0,80,25
facebook,D,C001070,2,110423.0,2019-01-01,,2019-01-03,2020-05-31,456.0,826,104
facebook,D,C001072,2,29115.0,2019-01-01,,2019-01-01,2020-05-30,406.0,152,20
facebook,R,C001075,2,116591.0,2019-01-01,,2019-01-01,2020-05-31,1950.0,216,37
facebook,D,C001078,2,19085.0,2019-01-01,,2019-01-02,2020-05-28,241.0,84,11
facebook,D,C001080,2,22021.0,2019-01-01,,2019-01-02,2020-05-29,358.0,108,27
facebook,D,C001084,2,26545.0,2019-01-01,,2019-01-01,2020-05-31,839.0,217,50
facebook,D,C001088,2,64541.0,2019-01-01,,2019-01-02,2020-05-31,1445.0,275,46
facebook,D,C001090,2,23172.0,2019-01-01,,2019-01-01,2020-05-29,704.0,137,17
facebook,D,C001091,2,213538.0,2019-01-01,,2019-01-03,2020-05-31,751.0,292,43
facebook,R,C001092,1,12421.0,2019-01-01,2019-09-30,2019-01-01,2019-09-10,121.0,55,4
facebook,R,C001093,2,141166.0,2019-01-01,,2019-01-01,2020-05-31,1437.0,842,182
facebook,R,C001094,2,12023.0,2019-01-01,,2019-01-09,2020-05-28,151.0,180,35
facebook,R,C001095,2,399786.0,2019-01-01,,2019-01-11,2020-05-30,443.0,892,312
facebook,R,C001096,2,27596.0,2019-01-01,,2019-01-04,2020-05-31,1048.0,103,11
facebook,D,C001097,2,20794.0,2019-01-01,,2019-01-03,2020-05-31,616.0,37,5
facebook,R,C001098,2,3232172.0,2019-01-01,,2019-01-01,2020-05-31,2743.0,2451,569
facebook,D,C001101,2,37787.0,2019-01-01,,2019-01-01,2020-05-30,733.0,111,14
facebook,R,C001103,2,38948.0,2019-01-01,,2019-01-02,2020-05-29,469.0,153,24
facebook,R,C001108,2,38534.0,2019-01-01,,2019-01-08,2020-05-31,669.0,109,16
facebook,R,C001109,2,31556.0,2019-01-01,,2019-01-04,2020-05-28,419.0,356,163
facebook,D,C001110,2,17714.0,2019-01-01,,2019-01-01,2020-05-30,809.0,60,9
facebook,D,C001111,2,109210.0,2019-01-01,,2019-01-01,2020-05-31,1021.0,177,30
facebook,D,C001112,2,23474.0,2019-01-01,,2019-01-01,2020-05-31,919.0,117,9
facebook,D,C001113,2,45528.0,2019-01-01,,2019-01-01,2020-05-30,981.0,127,16
facebook,R,C001114,2,11838.0,2019-01-01,,2019-01-01,2020-05-29,715.0,48,4
facebook,R,C001115,2,13782.0,2019-01-01,,2019-01-09,2020-05-31,555.0,200,33
facebook,D,C001117,2,22454.0,2019-01-01,,2019-01-01,2020-05-31,1042.0,123,13
facebook,R,C001118,2,18895.0,2019-01-01,,2019-01-03,2020-05-31,839.0,162,88
facebook,D,C001119,2,17382.0,2019-01-01,,2019-01-01,2020-05-31,846.0,100,8
facebook,R,C001120,2,744347.0,2019-01-01,,2019-01-01,2020-05-30,1114.0,4112,1494
facebook,D,C001121,2,13194.0,2019-01-01,,2019-01-01,2020-05-30,1343.0,108,8
facebook,D,C001122,2,33898.0,2019-01-01,,2019-01-01,2020-05-29,1139.0,202,18
facebook,D,C001123,2,14244.0,2019-01-01,,2019-01-01,2020-05-31,1331.0,46,6
facebook,D,C001124,2,4469.0,2019-01-01,,2019-01-02,2020-05-31,1196.0,29,4
facebook,D,D000096,1,4409.0,2019-01-01,,2019-01-04,2020-05-15,73.0,35,6
facebook,D,D000191,2,45930.0,2019-01-01,,2019-01-03,2020-05-29,529.0,383,64
facebook,D,D000197,2,24713.0,2019-01-01,,2019-01-02,2020-05-31,975.0,134,19
facebook,D,D000216,2,31258.0,2019-01-01,,2019-01-03,2020-05-29,381.0,85,12
facebook,D,D000399,2,47971.0,2019-01-01,,2019-01-01,2020-05-31,2226.0,145,27
facebook,D,D000482,2,10187.0,2019-01-01,,2019-01-04,2020-05-31,688.0,103,14
facebook,D,D000563,2,152972.0,2019-01-01,,2019-01-01,2020-05-31,925.0,457,60
facebook,D,D000598,1,11122.0,2019-01-01,,2019-01-03,2020-05-31,416.0,89,13
facebook,R,D000600,2,31594.0,2019-01-01,,2019-01-01,2020-05-28,530.0,35,8
facebook,D,D000610,2,34485.0,2019-01-01,,2019-01-04,2020-05-30,279.0,131,20
facebook,R,D000614,2,55172.0,2019-01-01,2019-09-22,2019-01-01,2019-09-20,585.0,219,109
facebook,R,D000615,1,38432.0,2019-01-01,,2019-01-01,2020-05-29,993.0,213,57
facebook,R,D000616,2,67125.0,2019-01-01,,2019-01-01,2020-05-31,426.0,193,57
facebook,D,D000617,2,41148.0,2019-01-01,,2019-01-01,2020-05-30,1342.0,109,13
facebook,R,D000618,2,31914.0,2019-01-01,,2019-01-01,2020-05-30,736.0,241,20
facebook,R,D000619,2,34451.0,2019-01-01,,2019-01-01,2020-05-29,812.0,81,11
facebook,D,D000622,2,287905.0,2019-01-01,,2019-01-01,2020-05-31,1087.0,763,115
facebook,D,D000623,2,19318.0,2019-01-01,,2019-01-01,2020-05-30,1835.0,84,11
facebook,D,D000624,2,50486.0,2019-01-01,,2019-01-01,2020-05-31,1564.0,201,26
facebook,R,D000626,2,21712.0,2019-01-01,,2019-01-01,2020-05-31,655.0,134,29
facebook,D,D000627,2,35368.0,2019-01-01,,2019-01-01,2020-05-31,624.0,211,32
facebook,R,D000628,2,27267.0,2019-01-01,,2019-01-01,2020-05-30,500.0,160,36
facebook,D,D000629,2,38532.0,2019-01-01,,2019-01-02,2020-05-29,881.0,273,24
facebook,D,D000630,2,19462.0,2019-01-01,,2019-01-01,2020-05-30,3528.0,77,8
facebook,D,D000631,2,7880.0,2019-01-01,,2019-01-01,2020-05-29,1081.0,106,12
facebook,D,E000179,2,59112.0,2019-01-01,,2019-01-02,2020-05-31,426.0,109,5
facebook,D,E000215,2,13041.0,2019-01-01,,2019-01-16,2020-05-30,194.0,57,6
facebook,R,E000285,1,13005.0,2019-01-01,,2019-01-07,2020-05-30,313.0,81,13
facebook,R,E000294,2,19956.0,2019-01-01,,2019-01-02,2020-05-31,363.0,93,5
facebook,R,E000295,2,84784.0,2019-01-01,,2019-01-01,2020-05-31,2475.0,236,28
facebook,D,E000296,2,14761.0,2019-01-01,,2019-01-01,2020-05-31,1380.0,73,44
facebook,D,E000297,1,5348.0,2019-01-01,,2019-01-01,2020-05-31,1910.0,43,11
facebook,R,E000298,2,11381.0,2019-01-01,,2019-01-01,2020-05-28,566.0,182,33
facebook,D,E000299,2,15590.0,2019-01-01,,2019-01-07,2020-05-31,1354.0,101,15
facebook,D,F000062,1,155269.0,2019-01-01,,2019-01-09,2020-05-29,86.0,1645,208
facebook,R,F000449,1,12809.0,2019-01-01,,2019-01-03,2020-05-30,502.0,63,9
facebook,R,F000450,2,24184.0,2019-01-01,,2019-01-01,2020-05-30,364.0,134,14
facebook,D,F000454,2,14198.0,2019-01-01,,2019-01-03,2020-05-29,669.0,117,16
facebook,D,F000455,2,50826.0,2019-01-01,,2019-01-01,2020-05-30,1383.0,44,13
facebook,R,F000459,2,14215.0,2019-01-01,,2019-01-01,2020-05-31,883.0,109,12
facebook,R,F000461,2,23316.0,2019-01-01,,2019-01-01,2020-05-30,776.0,32,7
facebook,D,F000462,2,34874.0,2019-01-01,,2019-01-01,2020-05-29,601.0,73,10
facebook,R,F000463,2,27396.0,2019-01-01,,2019-01-01,2020-05-31,261.0,179,22
facebook,R,F000465,2,44248.0,2019-01-01,,2019-01-03,2020-05-29,343.0,83,13
facebook,R,F000466,2,23838.0,2019-01-01,,2019-01-01,2020-05-31,1259.0,103,10
facebook,D,F000467,2,13979.0,2019-01-01,,2019-01-05,2020-05-30,574.0,165,12
facebook,D,F000468,2,8485.0,2019-01-01,,2019-01-14,2020-05-31,1159.0,58,3
facebook,R,F000469,2,15203.0,2019-01-01,,2019-01-04,2020-05-30,520.0,59,11
facebook,R,G000061,1,11360.0,2020-05-19,,2020-05-19,2020-05-30,20.0,696,35
facebook,R,G000359,1,293323.0,2019-01-01,,2019-01-03,2020-05-30,484.0,2734,317
facebook,R,G000377,1,11861.0,2019-01-01,,2019-01-09,2020-05-30,414.0,59,12
facebook,R,G000386,2,58012.0,2019-01-01,,2019-01-02,2020-05-31,757.0,209,33
facebook,R,G000546,2,55204.0,2019-01-01,,2019-01-03,2020-05-29,1074.0,480,238
facebook,D,G000551,2,53136.0,2019-01-01,,2019-01-02,2020-05-29,612.0,119,53
facebook,R,G000552,2,82902.0,2019-01-01,,2019-01-03,2020-05-30,511.0,462,141
facebook,D,G000553,2,21007.0,2019-01-01,,2019-01-01,2020-05-31,408.0,109,11
facebook,D,G000555,2,405931.0,2019-01-01,,2019-01-03,2020-05-31,1131.0,622,77
facebook,R,G000558,2,25348.0,2019-01-01,,2019-01-04,2020-05-28,544.0,94,13
facebook,D,G000559,2,39034.0,2019-01-01,,2019-01-01,2020-05-29,944.0,98,15
facebook,R,G000560,2,122982.0,2019-01-01,,2019-01-01,2020-05-30,385.0,52,8
facebook,R,G000562,2,62041.0,2019-01-01,,2019-01-01,2020-05-30,835.0,265,22
facebook,R,G000563,2,12939.0,2019-01-01,,2019-01-03,2020-05-28,331.0,132,37
facebook,R,G000565,2,31033.0,2019-01-01,,2019-01-03,2020-05-29,707.0,193,54
facebook,R,G000568,2,20060.0,2019-01-01,,2019-01-07,2020-05-31,517.0,128,18
facebook,D,G000571,2,639391.0,2019-01-01,,2019-01-01,2020-05-29,1525.0,2494,561
facebook,D,G000574,2,35795.0,2019-01-01,,2019-01-04,2020-05-29,433.0,79,17
facebook,R,G000576,2,14520.0,2019-01-01,,2019-01-02,2020-05-29,1271.0,105,16
facebook,R,G000577,2,55162.0,2019-01-01,,2019-01-01,2020-05-29,1087.0,72,19
facebook,R,G000578,2,190082.0,2019-01-01,,2019-01-02,2020-05-31,1771.0,1218,455
facebook,R,G000579,2,11307.0,2019-01-01,,2019-01-01,2020-05-29,415.0,139,20
facebook,D,G000581,2,22882.0,2019-01-01,,2019-01-01,2020-05-31,850.0,122,22
facebook,D,G000583,2,26657.0,2019-01-01,,2019-01-01,2020-05-31,1989.0,38,3
facebook,R,G000584,2,39218.0,2019-01-01,,2019-01-01,2020-05-31,772.0,175,27
facebook,D,G000585,2,13793.0,2019-01-01,,2019-01-01,2020-05-31,1794.0,79,18
facebook,D,G000586,2,36644.0,2019-01-01,,2019-01-02,2020-05-31,1255.0,64,11
facebook,D,G000587,2,16832.0,2019-01-01,,2019-01-03,2020-05-31,542.0,39,6
facebook,R,G000588,2,6916.0,2019-01-01,,2019-01-03,2020-05-30,611.0,66,8
facebook,R,G000589,2,19069.0,2019-01-01,,2019-01-01,2020-05-30,553.0,246,31
facebook,R,G000590,2,93679.0,2019-01-01,,2019-01-01,2020-05-31,1385.0,298,80
facebook,R,G000591,2,14865.0,2019-01-01,,2019-01-01,2020-05-30,774.0,135,11
facebook,D,G000592,2,15585.0,2019-01-01,,2019-01-04,2020-05-30,503.0,140,20
facebook,D,H000324,2,41715.0,2019-01-01,,2019-01-01,2020-05-31,903.0,23,6
facebook,D,H000874,2,121486.0,2019-01-01,,2019-01-01,2020-05-31,1827.0,254,58
facebook,D,H001038,2,11777.0,2019-01-01,,2019-01-04,2020-05-29,268.0,73,11
facebook,D,H001042,1,23311.0,2019-01-01,,2019-01-03,2020-05-29,438.0,293,39
facebook,D,H001046,2,63527.0,2019-01-01,,2019-01-02,2020-05-30,752.0,309,42
facebook,D,H001047,2,37238.0,2019-01-01,,2019-01-01,2020-05-31,1429.0,122,25
facebook,R,H001048,2,34299.0,2019-01-01,2020-01-12,2019-01-03,2020-01-10,263.0,175,26
facebook,R,H001052,2,20815.0,2019-01-01,,2019-01-02,2020-05-30,714.0,140,27
facebook,R,H001053,2,23988.0,2019-01-01,,2019-01-01,2020-05-30,657.0,188,21
facebook,R,H001056,2,41364.0,2019-01-01,,2019-01-01,2020-05-28,688.0,170,18
facebook,R,H001058,2,23196.0,2019-01-01,,2019-01-01,2020-05-31,1068.0,271,66
facebook,R,H001061,2,24058.0,2019-01-01,,2019-01-05,2020-05-28,498.0,63,5
facebook,D,H001064,2,35841.0,2019-01-01,,2019-01-04,2020-05-30,204.0,163,18
facebook,R,H001065,2,39315.0,2019-01-01,,2019-01-01,2020-04-21,114.0,100,24
facebook,D,H001066,2,18240.0,2019-01-01,,2019-01-03,2020-05-30,1161.0,37,5
facebook,R,H001067,2,45081.0,2019-01-01,,2019-01-01,2020-05-29,930.0,113,24
facebook,D,H001068,2,25644.0,2019-01-01,,2019-01-02,2020-05-31,1363.0,137,23
facebook,R,H001071,2,93000.0,2019-01-01,,2019-01-01,2020-05-30,590.0,301,70
facebook,R,H001072,2,19266.0,2019-01-01,,2019-01-03,2020-05-31,1018.0,103,14
facebook,R,H001073,2,66893.0,2019-01-01,,2019-01-01,2020-05-31,1335.0,98,16
facebook,R,H001074,2,30296.0,2019-01-01,,2019-01-08,2020-05-28,445.0,69,7
facebook,D,H001075,3,1964929.0,2019-01-01,,2019-01-01,2020-05-31,3739.0,2534,354
facebook,D,H001076,2,45434.0,2019-01-01,,2019-01-02,2020-05-30,1307.0,76,6
facebook,R,H001077,2,305988.0,2019-01-01,,2019-01-03,2020-05-31,462.0,1026,555
facebook,R,H001079,2,39341.0,2019-01-01,,2019-01-10,2020-05-31,1377.0,99,17
facebook,D,H001080,2,64540.0,2019-01-01,,2019-01-01,2020-05-31,1887.0,268,81
facebook,D,H001081,2,20864.0,2019-01-01,,2019-01-01,2020-05-31,1457.0,66,8
facebook,R,H001082,2,29188.0,2019-01-01,,2019-01-02,2020-05-31,780.0,238,47
facebook,D,H001083,2,19399.0,2019-01-01,,2019-01-02,2020-05-31,682.0,194,18
facebook,D,H001085,2,10613.0,2019-01-01,,2019-01-01,2020-05-29,736.0,102,14
facebook,D,H001087,2,22220.0,2019-01-01,2019-11-02,2019-01-01,2019-10-31,899.0,192,15
facebook,R,H001088,2,6565.0,2019-01-01,,2019-01-03,2020-05-31,1117.0,84,21
facebook,R,H001089,2,52934.0,2019-01-01,,2019-01-15,2020-05-29,533.0,481,141
facebook,D,H001090,2,19335.0,2019-01-01,,2019-01-03,2020-05-31,1762.0,168,19
facebook,R,I000024,2,74767.0,2019-01-01,,2019-01-02,2020-05-30,1016.0,321,43
facebook,R,I000055,1,160550.0,2019-01-01,2019-12-30,2019-03-12,2019-05-26,4.0,658,74
facebook,D,J000032,2,47673.0,2019-01-01,,2019-01-04,2020-05-31,399.0,65,11
facebook,D,J000126,1,14646.0,2019-01-01,,2019-01-03,2020-05-26,124.0,31,5
facebook,R,J000255,2,16479.0,2019-01-01,2019-02-09,2019-01-01,2019-02-06,9.0,107,17
facebook,D,J000288,2,19803.0,2019-01-01,,2019-01-02,2020-05-31,788.0,22,7
facebook,R,J000289,1,234113.0,2019-01-01,,2019-01-09,2020-05-29,432.0,4770,1332
facebook,R,J000292,2,55364.0,2019-01-01,,2019-01-01,2020-05-31,630.0,255,54
facebook,R,J000293,1,30679.0,2019-01-01,,2019-01-01,2020-05-29,302.0,445,52
facebook,D,J000294,2,63581.0,2019-01-01,,2019-01-01,2020-05-31,809.0,409,80
facebook,R,J000295,2,28612.0,2019-01-01,,2019-01-01,2020-05-31,630.0,60,9
facebook,D,J000298,2,65805.0,2019-01-01,,2019-01-01,2020-05-31,1672.0,144,24
facebook,R,J000299,2,51720.0,2019-01-01,,2019-01-03,2020-05-31,1295.0,299,92
facebook,D,J000300,2,111620.0,2019-01-01,,2019-01-04,2020-05-30,1029.0,452,55
facebook,R,J000301,2,15565.0,2019-01-01,,2019-01-01,2020-05-30,627.0,98,11
facebook,R,J000302,2,10067.0,2019-01-01,,2019-01-01,2020-05-30,808.0,182,25
facebook,D,K000009,2,34171.0,2019-01-01,,2019-01-03,2020-05-29,508.0,230,55
facebook,D,K000188,2,40093.0,2019-01-01,,2019-01-01,2020-05-31,774.0,105,15
facebook,R,K000210,2,58591.0,2019-01-01,,2019-01-02,2020-05-31,820.0,715,148
facebook,R,K000362,2,197156.0,2019-01-01,,2019-01-01,2020-05-31,2470.0,1389,2346
facebook,D,K000367,1,321596.0,2019-01-01,,2019-01-01,2020-05-29,1161.0,2456,204
facebook,D,K000368,2,62133.0,2019-01-01,,2019-01-02,2020-05-31,1372.0,56,9
facebook,D,K000375,2,10107.0,2019-01-01,,2019-01-01,2020-05-31,258.0,114,30
facebook,R,K000376,2,24745.0,2019-01-01,,2019-01-01,2020-05-31,377.0,164,23
facebook,R,K000378,2,63636.0,2019-01-01,,2019-01-01,2020-05-29,336.0,318,80
facebook,D,K000379,2,1656738.0,2019-01-01,,2019-01-02,2020-05-31,1320.0,8966,1374
facebook,D,K000380,2,116906.0,2019-01-01,,2019-01-02,2020-05-31,470.0,316,93
facebook,D,K000381,2,31114.0,2019-01-01,,2019-01-01,2020-05-31,1573.0,125,13
facebook,D,K000382,2,28089.0,2019-01-01,,2019-01-01,2020-05-30,1665.0,92,8
facebook,(D),K000383,1,40128.0,2019-01-01,,2019-01-03,2020-05-28,590.0,425,69
facebook,D,K000384,2,480998.0,2019-01-01,,2019-01-01,2020-05-31,918.0,1069,111
facebook,D,K000385,2,40101.0,2019-01-01,,2019-01-01,2020-05-31,1936.0,35,15
facebook,R,K000386,2,16039.0,2019-01-01,,2019-01-03,2020-05-31,760.0,115,8
facebook,R,K000388,2,13027.0,2019-01-01,,2019-01-01,2020-05-30,736.0,86,9
facebook,D,K000389,2,98918.0,2019-01-01,,2019-01-01,2020-05-31,3656.0,164,177
facebook,D,K000391,2,39558.0,2019-01-01,,2019-01-01,2020-05-31,2121.0,137,24
facebook,R,K000392,2,15794.0,2019-01-01,,2019-01-01,2020-05-30,906.0,152,20
facebook,R,K000393,2,79221.0,2019-01-01,,2019-01-01,2020-05-29,808.0,447,117
facebook,D,K000394,2,19979.0,2019-01-01,,2019-01-01,2020-05-31,872.0,139,14
facebook,R,K000395,2,15458.0,2019-06-03,,2019-06-05,2020-05-30,1074.0,120,25
facebook,D,L000174,1,38861.0,2019-01-01,,2019-01-04,2020-05-29,41.0,172,17
facebook,D,L000287,2,398617.0,2019-01-01,,2019-02-20,2020-05-30,31.0,2893,633
facebook,D,L000397,2,11976.0,2019-01-01,,2019-01-03,2020-05-22,274.0,103,16
facebook,D,L000480,2,40567.0,2019-01-01,,2019-01-01,2020-05-29,273.0,89,8
facebook,R,L000491,2,46467.0,2019-01-01,,2019-02-22,2020-05-30,476.0,84,15
facebook,D,L000551,2,110122.0,2019-01-01,,2019-01-01,2020-05-31,2824.0,176,38
facebook,D,L000557,2,15623.0,2019-01-01,,2019-01-01,2020-05-29,1118.0,48,9
facebook,D,L000559,2,10358.0,2019-01-01,,2019-01-01,2020-05-30,731.0,72,6
facebook,D,L000560,2,26764.0,2019-01-01,,2019-01-03,2020-05-30,1084.0,77,6
facebook,D,L000562,2,20607.0,2019-01-01,,2019-01-01,2020-05-29,542.0,88,8
facebook,D,L000563,2,7602.0,2019-01-01,,2019-01-01,2020-05-30,1180.0,44,4
facebook,R,L000564,2,9633.0,2019-01-01,,2019-01-06,2020-05-30,386.0,115,17
facebook,D,L000565,2,16225.0,2019-01-01,,2019-01-01,2020-05-27,269.0,79,18
facebook,R,L000566,2,15109.0,2019-01-01,,2019-01-01,2020-05-28,742.0,75,9
facebook,R,L000569,2,20302.0,2019-01-01,,2019-01-01,2020-05-29,385.0,127,22
facebook,D,L000570,2,44722.0,2019-01-01,,2019-01-02,2020-05-31,2085.0,98,16
facebook,R,L000575,2,136862.0,2019-01-01,,2019-01-03,2020-05-31,789.0,386,66
facebook,R,L000576,2,25803.0,2019-01-01,,2019-02-06,2020-04-06,59.0,232,33
facebook,R,L000577,2,401723.0,2019-01-01,,2019-01-03,2020-05-27,428.0,607,109
facebook,R,L000578,2,27907.0,2019-01-01,,2019-01-01,2020-05-31,665.0,178,44
facebook,D,L000579,2,48035.0,2019-01-01,,2019-01-01,2020-05-28,443.0,197,45
facebook,D,L000581,2,11412.0,2019-01-01,,2019-01-01,2020-05-31,797.0,75,14
facebook,D,L000582,2,118006.0,2019-01-01,,2019-01-01,2020-05-30,944.0,504,112
facebook,R,L000583,2,48292.0,2019-01-01,,2019-01-03,2020-05-31,564.0,134,23
facebook,R,L000585,2,46392.0,2019-01-01,,2019-01-01,2020-05-30,1027.0,154,15
facebook,D,L000586,2,5430.0,2019-01-01,,2019-01-02,2020-05-29,502.0,45,8
facebook,D,L000588,2,37560.0,2019-01-01,,2019-01-01,2020-05-31,488.0,224,22
facebook,R,L000589,2,27085.0,2019-01-01,,2019-01-01,2020-05-31,1243.0,263,50
facebook,D,L000590,2,7265.0,2019-01-01,,2019-01-01,2020-05-29,732.0,51,6
facebook,D,L000591,2,12846.0,2019-01-01,,2019-01-01,2020-05-31,2017.0,100,9
facebook,D,L000592,2,6251.0,2019-01-01,,2019-01-01,2020-05-31,707.0,57,6
facebook,D,L000593,2,25807.0,2019-01-01,,2019-01-01,2020-05-31,1446.0,129,20
facebook,R,L000594,2,9243.0,2020-01-01,,2020-01-01,2020-05-31,976.0,105,7
facebook,D,M000087,2,22241.0,2019-01-01,,2019-01-02,2020-05-31,1103.0,53,9
facebook,D,M000133,2,109034.0,2019-01-01,,2019-01-01,2020-05-31,1694.0,198,33
facebook,D,M000312,2,32876.0,2019-01-01,,2019-01-01,2020-05-31,717.0,115,18
facebook,R,M000355,2,261904.0,2019-01-01,,2019-01-03,2020-05-29,589.0,525,70
facebook,D,M000639,2,67728.0,2019-01-01,,2019-01-01,2020-05-29,1189.0,178,34
facebook,D,M000687,1,2235.0,2020-05-05,,2020-05-06,2020-05-31,20.0,164,39
facebook,R,M000934,2,44118.0,2019-01-01,,2019-01-02,2020-05-30,735.0,107,12
facebook,D,M001111,1,215229.0,2019-01-01,,2019-01-03,2020-05-31,568.0,1482,236
facebook,D,M001137,1,16917.0,2019-01-01,,2019-01-01,2020-05-30,466.0,16,4
facebook,D,M001143,2,30068.0,2019-01-01,,2019-01-01,2020-05-31,1078.0,92,15
facebook,R,M001153,1,57321.0,2019-01-01,,2019-01-01,2020-05-31,1332.0,127,11
facebook,R,M001156,2,30854.0,2019-01-01,,2019-01-01,2020-05-29,851.0,38,4
facebook,R,M001157,2,189638.0,2019-01-01,,2019-01-01,2020-05-31,776.0,192,67
facebook,R,M001158,2,19829.0,2019-01-01,,2019-01-03,2020-05-29,268.0,88,9
facebook,R,M001159,2,51080.0,2019-01-01,,2019-01-01,2020-05-31,532.0,177,24
facebook,D,M001160,2,26090.0,2019-01-01,,2019-01-03,2020-05-31,1269.0,75,14
facebook,D,M001163,2,24407.0,2019-01-01,,2019-01-03,2020-05-31,315.0,72,7
facebook,R,M001165,2,414407.0,2019-01-01,,2019-01-02,2020-05-31,1305.0,2704,490
facebook,D,M001166,2,12105.0,2019-01-01,,2019-01-01,2020-05-30,298.0,70,8
facebook,D,M001169,2,501219.0,2019-01-01,,2019-01-01,2020-05-30,2358.0,705,115
facebook,D,M001176,2,602123.0,2019-01-01,,2019-01-01,2020-05-31,1850.0,1932,497
facebook,R,M001177,2,337042.0,2019-01-01,,2019-01-04,2020-05-30,233.0,195,30
facebook,R,M001179,2,19086.0,2019-01-01,2019-01-22,2019-01-01,2019-01-15,4.0,222,30
facebook,R,M001180,2,14743.0,2019-01-01,,2019-01-04,2020-05-30,490.0,63,17
facebook,D,M001183,1,54901.0,2019-01-01,,2019-01-02,2020-05-31,1414.0,175,53
facebook,R,M001184,2,168454.0,2019-01-01,,2019-01-01,2020-05-29,547.0,1607,612
facebook,D,M001185,2,44544.0,2019-01-01,,2019-01-01,2020-05-29,1183.0,118,23
facebook,R,M001187,2,43201.0,2019-01-01,2020-03-29,2019-01-03,2020-03-26,321.0,856,201
facebook,D,M001188,1,12311.0,2019-01-01,,2019-01-01,2020-05-31,752.0,55,4
facebook,R,M001190,2,155614.0,2019-01-01,,2019-01-01,2020-05-30,972.0,706,162
facebook,R,M001194,2,24833.0,2019-01-01,,2019-01-01,2020-05-31,635.0,141,49
facebook,R,M001195,2,8537.0,2019-01-01,,2019-01-01,2020-05-31,543.0,82,11
facebook,D,M001196,2,221851.0,2019-01-01,,2019-01-01,2020-05-31,1289.0,214,36
facebook,R,M001197,2,148073.0,2019-01-01,,2019-01-04,2020-05-31,1520.0,439,61
facebook,R,M001198,2,52111.0,2019-01-01,,2019-01-01,2020-05-31,1651.0,183,45
facebook,R,M001199,2,68720.0,2019-01-01,,2019-01-02,2020-05-31,1528.0,165,35
facebook,D,M001200,2,13402.0,2019-01-01,,2019-01-01,2020-05-30,1534.0,70,11
facebook,R,M001201,2,10898.0,2019-01-01,,2019-01-02,2020-05-30,781.0,150,41
facebook,D,M001202,2,24245.0,2019-01-01,,2019-01-01,2020-05-30,860.0,108,11
facebook,D,M001203,2,10385.0,2019-01-01,,2019-01-04,2020-05-31,1030.0,94,10
facebook,R,M001204,2,19854.0,2019-01-01,,2019-01-02,2020-05-31,914.0,87,16
facebook,R,M001205,2,5217.0,2019-01-01,,2019-01-07,2020-05-30,451.0,58,11
facebook,D,M001206,2,11326.0,2019-01-01,,2019-01-01,2020-05-31,1590.0,86,8
facebook,D,M001207,2,9399.0,2019-01-01,,2019-01-01,2020-05-31,1697.0,74,10
facebook,D,M001208,2,21301.0,2019-01-01,,2019-01-09,2020-05-31,495.0,107,12
facebook,D,M001209,2,20412.0,2019-01-01,,2019-01-01,2020-05-31,684.0,166,10
facebook,R,M001210,2,15133.0,2019-09-17,,2019-09-17,2020-05-31,359.0,272,61
facebook,D,N000002,2,37596.0,2019-01-01,,2019-01-03,2020-05-29,133.0,209,26
facebook,D,N000015,2,10746.0,2019-01-01,,2019-01-04,2020-05-30,552.0,92,11
facebook,D,N000179,1,5664.0,2019-01-01,,2019-01-04,2020-05-29,154.0,86,10
facebook,R,N000181,2,122160.0,2019-01-01,,2019-01-01,2020-05-29,93.0,426,50
facebook,D,N000188,2,40035.0,2019-01-01,,2019-01-01,2020-05-31,754.0,58,10
facebook,R,N000189,2,21467.0,2019-01-01,,2019-01-01,2020-05-30,981.0,90,15
facebook,R,N000190,2,40655.0,2019-01-01,,2019-01-01,2020-05-30,492.0,414,113
facebook,D,N000191,2,12891.0,2019-01-01,,2019-01-02,2020-05-30,974.0,117,10
facebook,R,O000168,2,20819.0,2019-01-01,,2019-01-01,2020-05-31,1751.0,42,9
facebook,D,O000171,2,13477.0,2019-01-01,,2019-01-02,2020-05-31,1658.0,70,11
facebook,D,O000172,2,1357448.0,2019-01-01,,2019-01-16,2020-05-31,589.0,6224,1104
facebook,D,O000173,2,594219.0,2019-01-01,,2019-01-02,2020-05-31,752.0,1963,441
facebook,D,P000034,2,22696.0,2019-01-01,,2019-01-03,2020-05-30,813.0,46,6
facebook,D,P000096,2,26136.0,2019-01-01,,2019-01-01,2020-05-31,1405.0,72,24
facebook,D,P000197,2,1243300.0,2019-01-01,,2019-01-03,2020-05-31,1253.0,5557,791
facebook,D,P000258,2,5645.0,2019-01-01,,2019-01-23,2020-05-31,464.0,31,5
facebook,R,P000449,2,232205.0,2019-01-01,,2019-01-03,2020-05-30,299.0,400,44
facebook,D,P000523,2,16816.0,2019-01-01,,2019-01-04,2020-05-31,535.0,238,26
facebook,D,P000593,2,22888.0,2019-01-01,,2019-01-01,2020-05-31,644.0,102,17
facebook,D,P000595,2,74020.0,2019-01-01,,2019-01-01,2020-05-31,1670.0,304,39
facebook,D,P000597,2,33550.0,2019-01-01,,2019-01-01,2020-05-31,641.0,180,22
facebook,R,P000599,2,15007.0,2019-01-01,,2019-01-01,2020-05-31,117.0,138,77
facebook,R,P000601,2,56834.0,2019-01-01,,2019-01-01,2020-05-30,948.0,131,22
facebook,R,P000603,2,2896237.0,2019-01-01,,2019-01-01,2020-05-27,448.0,3055,673
facebook,D,P000604,1,12448.0,2019-01-01,,2019-01-01,2020-05-29,746.0,22,5
facebook,R,P000605,2,27162.0,2019-01-01,,2019-01-01,2020-05-31,874.0,127,35
facebook,D,P000607,2,42669.0,2019-01-01,,2019-01-01,2020-05-30,564.0,172,42
facebook,D,P000608,2,36434.0,2019-01-01,,2019-01-01,2020-05-31,517.0,66,9
facebook,R,P000609,2,14987.0,2019-01-01,,2019-01-01,2020-05-29,346.0,128,21
facebook,R,P000612,2,91403.0,2019-01-01,,2019-01-01,2020-05-31,715.0,319,56
facebook,D,P000613,2,11201.0,2019-01-01,,2019-01-03,2020-05-31,1788.0,94,10
facebook,D,P000614,2,10411.0,2019-01-01,,2019-01-01,2020-05-29,844.0,50,4
facebook,R,P000615,2,14138.0,2019-01-01,,2019-01-01,2020-05-31,870.0,85,9
facebook,D,P000616,2,24046.0,2019-01-01,,2019-01-03,2020-05-31,717.0,114,8
facebook,D,P000617,2,93845.0,2019-01-01,,2019-01-01,2020-05-29,288.0,420,121
facebook,D,P000618,2,101747.0,2019-01-01,,2019-01-01,2020-05-29,542.0,555,113
facebook,D,Q000023,2,19190.0,2019-01-01,,2019-01-01,2020-05-31,1406.0,70,9
facebook,D,R000122,1,15615.0,2019-01-01,,2019-01-07,2020-05-29,335.0,133,16
facebook,R,R000307,2,31918.0,2019-01-01,,2019-01-01,2020-05-30,479.0,86,10
facebook,R,R000395,1,12503.0,2019-01-01,,2019-01-04,2020-05-30,321.0,81,27
facebook,D,R000486,2,18489.0,2019-01-01,,2019-01-01,2020-05-31,1206.0,33,7
facebook,D,R000515,2,28749.0,2019-01-01,,2019-01-01,2020-05-29,526.0,22,9
facebook,R,R000575,2,23277.0,2019-01-01,,2019-01-02,2020-05-29,945.0,88,24
facebook,D,R000576,2,15130.0,2019-01-01,,2019-01-01,2020-05-29,572.0,104,12
facebook,D,R000577,2,103841.0,2019-01-01,,2019-01-02,2020-05-30,1080.0,300,70
facebook,R,R000582,2,26708.0,2019-01-01,,2019-01-01,2020-05-29,419.0,102,22
facebook,R,R000584,2,19869.0,2019-01-01,,2019-04-08,2020-05-27,96.0,92,10
facebook,R,R000585,2,58242.0,2019-01-01,,2019-01-01,2020-05-31,1030.0,84,19
facebook,D,R000588,2,22664.0,2019-01-01,,2019-01-01,2020-05-31,257.0,89,15
facebook,R,R000591,2,28328.0,2019-01-01,,2019-01-01,2020-05-28,474.0,32,3
facebook,R,R000595,2,1820290.0,2019-01-01,,2019-01-03,2020-05-29,1816.0,727,111
facebook,R,R000597,2,18312.0,2019-01-01,,2019-01-01,2020-05-29,575.0,92,22
facebook,D,R000599,2,41681.0,2019-01-01,,2019-01-01,2020-05-31,1309.0,128,15
facebook,R,R000601,2,63308.0,2019-01-01,2020-05-21,2019-01-01,2020-04-15,347.0,317,81
facebook,D,R000602,2,11826.0,2019-01-01,,2019-01-08,2020-05-30,443.0,67,10
facebook,R,R000603,2,20556.0,2019-01-01,,2019-01-01,2020-05-28,355.0,69,10
facebook,R,R000605,2,17495.0,2019-01-01,,2019-01-04,2020-05-31,1120.0,113,10
facebook,D,R000606,2,31762.0,2019-01-01,,2019-01-02,2020-05-31,432.0,195,22
facebook,R,R000607,2,19901.0,2019-01-01,,2019-01-03,2020-05-28,271.0,81,12
facebook,D,R000608,2,22408.0,2019-01-01,,2019-01-01,2020-05-31,2391.0,95,8
facebook,R,R000609,2,7394.0,2019-01-01,,2019-01-01,2020-05-29,421.0,212,35
facebook,R,R000610,2,12722.0,2019-01-01,,2019-01-08,2020-05-31,604.0,156,33
facebook,R,R000611,2,13097.0,2019-01-01,,2019-01-01,2020-05-30,1179.0,87,9
facebook,R,R000612,2,14899.0,2019-01-01,,2019-01-01,2020-05-29,629.0,57,6
facebook,D,R000613,2,18682.0,2019-01-01,,2019-01-02,2020-05-30,1324.0,127,13
facebook,R,R000614,2,11782.0,2019-01-01,,2019-01-02,2020-05-31,1272.0,88,37
facebook,R,R000615,2,19727988.0,2019-01-01,,2019-01-02,2020-05-31,267.0,7211,626
facebook,D,R000616,2,16854.0,2019-01-01,,2019-01-02,2020-05-31,576.0,121,13
facebook,(D),S000033,2,12945119.0,2019-01-01,,2019-01-01,2020-05-31,13015.0,7368,1756
facebook,D,S000148,2,524341.0,2019-01-01,,2019-01-01,2020-05-30,2601.0,1147,171
facebook,D,S000185,2,19543.0,2019-01-01,,2019-01-04,2020-05-30,150.0,82,21
facebook,R,S000244,2,29480.0,2019-01-01,,2019-01-02,2020-05-19,163.0,182,28
facebook,D,S000248,1,18331.0,2019-01-01,,2019-01-01,2020-05-31,279.0,15,3
facebook,R,S000320,1,28154.0,2019-01-01,,2019-01-03,2020-05-25,118.0,228,20
facebook,D,S000344,2,30426.0,2019-01-01,,2019-01-04,2020-05-31,432.0,56,4
facebook,R,S000364,2,17123.0,2019-01-01,,2019-01-01,2020-05-31,858.0,83,13
facebook,D,S000510,2,16351.0,2019-01-01,,2019-01-01,2020-05-30,642.0,55,5
facebook,R,S000522,2,14993.0,2019-01-01,,2019-01-04,2020-05-27,102.0,141,22
facebook,D,S000770,2,115326.0,2019-01-01,,2019-01-01,2020-05-31,627.0,606,81
facebook,D,S001145,2,46511.0,2019-01-01,,2019-01-02,2020-05-31,723.0,139,22
facebook,R,S001148,2,8578.0,2019-01-01,,2019-01-01,2020-05-30,471.0,69,10
facebook,D,S001150,2,606853.0,2019-01-01,,2019-01-02,2020-05-31,891.0,3084,454
facebook,D,S001156,2,21378.0,2019-01-01,,2019-01-01,2020-05-31,570.0,29,5
facebook,D,S001157,2,9039.0,2019-01-01,,2019-01-16,2020-05-29,293.0,36,7
facebook,D,S001165,1,6310.0,2019-01-01,,2019-01-01,2020-05-30,761.0,27,3
facebook,D,S001168,2,30969.0,2019-01-01,,2019-01-01,2020-05-31,794.0,60,6
facebook,R,S001172,2,7935.0,2019-01-01,,2019-01-04,2020-05-28,307.0,24,2
facebook,D,S001175,2,46187.0,2019-01-01,,2019-01-01,2020-05-28,361.0,232,40
facebook,R,S001176,2,182118.0,2019-01-01,,2019-01-01,2020-05-31,1064.0,1070,295
facebook,D,S001180,2,20045.0,2019-01-01,,2019-01-03,2020-05-29,406.0,58,5
facebook,D,S001181,2,53160.0,2019-01-01,,2019-01-02,2020-05-30,1775.0,110,11
facebook,R,S001183,2,114651.0,2019-01-01,,2019-01-02,2020-05-31,598.0,67,11
facebook,R,S001184,1,146859.0,2019-01-01,,2019-01-01,2020-05-31,452.0,747,99
facebook,D,S001185,2,44471.0,2019-01-01,,2019-01-01,2020-05-31,1000.0,176,44
facebook,R,S001187,2,13807.0,2019-01-01,,2019-01-01,2020-05-29,443.0,62,7
facebook,R,S001189,2,54371.0,2019-01-01,,2019-01-03,2020-05-25,217.0,226,41
facebook,D,S001190,2,44011.0,2019-01-01,,2019-01-01,2020-05-31,1347.0,85,9
facebook,D,S001191,2,137417.0,2019-01-01,,2019-01-01,2020-05-31,3285.0,114,9
facebook,R,S001192,2,24297.0,2019-01-01,,2019-01-01,2020-05-30,598.0,187,26
facebook,D,S001193,2,87380.0,2019-01-01,,2019-01-01,2020-05-29,1845.0,296,43
facebook,D,S001194,2,33415.0,2019-01-01,,2019-01-04,2020-05-31,301.0,87,15
facebook,R,S001195,2,121003.0,2019-01-01,,2019-01-01,2020-05-30,620.0,397,79
facebook,R,S001196,2,123132.0,2019-01-01,,2019-01-01,2020-05-31,2004.0,721,89
facebook,R,S001197,2,107196.0,2019-01-01,,2019-01-02,2020-05-16,177.0,545,195
facebook,R,S001198,2,29285.0,2019-01-01,,2019-01-01,2020-05-30,807.0,130,20
facebook,R,S001199,2,11357.0,2019-01-01,,2019-01-01,2020-05-31,1112.0,118,17
facebook,D,S001200,2,13849.0,2019-01-01,,2019-01-01,2020-05-31,782.0,87,18
facebook,D,S001201,2,27773.0,2019-01-01,,2019-01-01,2020-05-31,1300.0,105,10
facebook,D,S001203,2,37021.0,2019-01-01,,2019-01-01,2020-05-30,956.0,199,17
facebook,D,S001205,2,7796.0,2019-01-01,,2019-01-01,2020-05-31,1642.0,107,11
facebook,D,S001206,2,5114.0,2019-01-01,,2019-01-01,2020-05-31,544.0,38,4
facebook,D,S001207,2,21440.0,2019-01-01,,2019-01-01,2020-05-30,1202.0,100,8
facebook,D,S001208,2,26314.0,2019-01-01,,2019-01-03,2020-05-29,826.0,273,41
facebook,D,S001209,2,28727.0,2019-01-01,,2019-01-02,2020-05-31,1994.0,143,10
facebook,R,S001210,2,28646.0,2019-01-01,,2019-01-01,2020-05-31,972.0,102,18
facebook,D,S001211,2,27605.0,2019-01-01,,2019-01-01,2020-05-29,828.0,87,12
facebook,R,S001212,2,13014.0,2019-01-01,,2019-01-01,2020-05-31,1059.0,167,18
facebook,R,S001213,2,8258.0,2019-01-01,,2019-01-01,2020-05-31,1785.0,62,6
facebook,R,S001214,2,57405.0,2019-01-01,,2019-01-08,2020-05-30,802.0,125,24
facebook,D,S001215,2,11183.0,2019-01-01,,2019-01-01,2020-05-31,1624.0,71,5
facebook,D,S001216,2,14287.0,2019-01-01,,2019-01-03,2020-05-31,700.0,169,18
facebook,R,S001217,2,199909.0,2019-01-08,,2019-01-08,2020-05-27,167.0,571,66
facebook,R,T000165,1,4252.0,2020-05-19,,2020-05-20,2020-05-30,7.0,532,24
facebook,D,T000193,1,16210.0,2019-01-01,,2019-01-09,2020-05-29,540.0,184,33
facebook,R,T000238,2,19443.0,2019-01-01,,2019-01-03,2020-05-28,221.0,112,14
facebook,R,T000250,2,183565.0,2019-01-01,,2019-01-01,2020-05-29,356.0,372,80
facebook,D,T000460,2,23360.0,2019-01-01,,2019-01-01,2020-05-31,2088.0,70,10
facebook,R,T000461,2,188397.0,2019-01-01,,2019-01-01,2020-05-25,343.0,458,50
facebook,R,T000463,1,19718.0,2019-01-01,,2019-01-03,2020-05-28,179.0,87,18
facebook,D,T000464,2,108586.0,2019-01-01,,2019-01-03,2020-05-28,544.0,428,62
facebook,R,T000467,2,7033.0,2019-01-01,,2019-01-01,2020-05-30,582.0,42,9
facebook,D,T000468,2,21615.0,2019-01-01,,2019-01-03,2020-05-29,226.0,83,13
facebook,D,T000469,2,27129.0,2019-01-01,,2019-01-02,2020-05-31,1206.0,78,31
facebook,R,T000470,2,11947.0,2019-01-01,,2019-01-03,2020-05-30,505.0,86,20
facebook,D,T000472,2,57590.0,2019-01-01,,2019-01-01,2020-05-30,760.0,161,33
facebook,D,T000474,2,29167.0,2019-01-01,,2019-01-01,2020-05-31,1254.0,94,17
facebook,R,T000476,2,108589.0,2019-01-01,,2019-01-01,2020-05-31,1673.0,273,30
facebook,R,T000479,2,30221.0,2019-01-01,,2019-01-03,2020-05-27,367.0,43,5
facebook,R,T000480,2,18560.0,2019-01-01,,2019-01-03,2020-05-30,344.0,102,11
facebook,D,T000481,2,77972.0,2019-01-01,,2019-01-04,2020-05-29,695.0,284,36
facebook,D,T000482,2,7503.0,2019-01-01,,2019-01-01,2020-05-31,1530.0,49,5
facebook,D,T000483,2,29914.0,2019-01-01,,2019-01-01,2020-05-30,968.0,43,6
facebook,D,T000484,2,15746.0,2019-01-01,,2019-01-03,2020-05-31,627.0,162,22
facebook,R,U000031,2,20534.0,2019-01-01,,2019-01-03,2020-05-31,404.0,91,8
facebook,D,U000039,2,102729.0,2019-01-01,,2019-01-01,2020-05-29,489.0,298,44
facebook,D,U000040,2,23723.0,2019-01-01,,2019-01-01,2020-05-29,1135.0,152,14
facebook,D,V000081,2,37411.0,2019-01-01,,2019-01-04,2020-05-28,599.0,62,16
facebook,D,V000108,2,15256.0,2019-01-01,,2019-01-01,2020-05-25,501.0,106,15
facebook,D,V000128,2,86002.0,2019-01-01,,2019-01-01,2020-05-29,774.0,360,62
facebook,D,V000130,1,5809.0,2019-01-01,,2019-01-01,2020-05-27,320.0,77,10
facebook,D,V000131,2,18075.0,2019-01-01,,2019-01-01,2020-05-29,825.0,49,8
facebook,D,V000132,1,9642.0,2019-01-01,,2019-01-01,2020-05-29,374.0,43,6
facebook,R,V000133,2,25393.0,2019-01-01,,2019-01-05,2020-05-31,951.0,121,15
facebook,D,W000187,1,347661.0,2019-01-01,,2019-01-11,2020-05-29,90.0,1794,334
facebook,R,W000437,2,120121.0,2019-01-01,,2019-01-01,2020-05-30,696.0,142,28
facebook,D,W000779,2,569980.0,2019-01-01,,2019-01-04,2020-05-30,448.0,2380,491
facebook,R,W000791,2,73686.0,2019-01-01,,2019-01-01,2020-05-29,599.0,99,10
facebook,R,W000795,2,64043.0,2019-01-01,,2019-01-03,2020-05-31,716.0,63,7
facebook,D,W000797,2,363627.0,2019-01-01,,2019-01-02,2020-05-31,1324.0,217,54
facebook,R,W000798,2,35083.0,2019-01-01,,2019-01-03,2020-05-28,512.0,196,34
facebook,D,W000800,2,23117.0,2019-01-01,,2019-01-02,2020-05-30,209.0,187,23
facebook,D,W000802,2,47210.0,2019-01-01,,2019-01-02,2020-05-29,1014.0,138,49
facebook,R,W000804,2,30698.0,2019-01-01,,2019-01-02,2020-05-30,841.0,101,13
facebook,D,W000805,2,104825.0,2019-01-01,,2019-01-01,2020-05-31,668.0,593,73
facebook,R,W000806,2,25628.0,2019-01-01,,2019-01-04,2020-05-30,357.0,125,24
facebook,D,W000808,2,19736.0,2019-01-01,,2019-01-03,2020-05-21,201.0,33,5
facebook,R,W000809,1,2993.0,2019-01-01,,2019-01-01,2020-04-29,28.0,192,13
facebook,R,W000810,2,8465.0,2019-01-01,,2019-01-01,2020-05-28,517.0,54,8
facebook,R,W000812,2,37431.0,2019-01-01,,2019-01-01,2020-05-29,493.0,98,10
facebook,R,W000813,2,34959.0,2019-01-01,,2019-01-01,2020-05-31,1135.0,93,11
facebook,R,W000814,2,12165.0,2019-01-01,,2019-01-01,2020-05-31,533.0,73,16
facebook,R,W000815,2,31967.0,2019-01-01,,2019-01-01,2020-05-29,668.0,148,25
facebook,R,W000816,2,95176.0,2019-01-01,,2019-01-01,2020-05-29,863.0,108,20
facebook,D,W000817,3,6767594.0,2019-01-01,,2019-01-01,2020-05-31,6341.0,3853,509
facebook,R,W000819,2,51704.0,2019-01-01,,2019-01-01,2020-05-31,953.0,212,39
facebook,R,W000821,2,14818.0,2019-01-01,,2019-01-01,2020-05-30,566.0,118,28
facebook,D,W000822,2,19289.0,2019-01-01,,2019-01-04,2020-05-29,314.0,71,13
facebook,R,W000823,2,9895.0,2019-01-01,,2019-01-01,2020-05-31,1215.0,109,19
facebook,R,W000824,2,6093.0,2019-01-01,,2019-01-01,2020-05-29,696.0,67,7
facebook,D,W000825,2,19477.0,2019-01-01,,2019-01-01,2020-05-31,1620.0,112,10
facebook,D,W000826,2,9549.0,2019-01-01,,2019-01-02,2020-05-31,1158.0,84,12
facebook,R,W000827,2,5351.0,2019-01-01,,2019-01-02,2020-05-30,675.0,63,12
facebook,R,Y000033,2,20847.0,2019-01-01,,2019-01-04,2020-05-31,656.0,149,22
facebook,D,Y000062,2,33589.0,2019-01-01,,2019-01-01,2020-05-30,285.0,376,49
facebook,R,Y000064,2,71077.0,2019-01-01,,2019-01-03,2020-05-30,1432.0,140,12
facebook,R,Y000065,2,28298.0,2019-01-01,,2019-01-07,2020-05-29,492.0,117,22
facebook,R,Z000017,2,55181.0,2019-01-01,,2019-01-01,2020-05-31,1074.0,395,67
twitter,R,A000055,1,29492.0,2019-01-01,,2019-01-08,2020-05-30,590.0,85,38
twitter,R,A000360,2,133668.0,2019-01-01,,2019-01-02,2020-05-31,2356.0,135,33
twitter,(R),A000367,3,444875.0,2019-01-01,,2019-01-01,2020-05-31,2368.0,7506,1703
twitter,R,A000369,2,17779.0,2019-01-01,,2019-01-03,2020-05-06,108.0,34,10
twitter,D,A000370,2,23703.0,2019-01-01,,2019-01-01,2020-05-31,3196.0,68,16
twitter,D,A000371,2,16409.0,2019-01-01,,2019-01-02,2020-05-29,375.0,61,21
twitter,R,A000372,2,24953.0,2019-01-01,,2019-01-01,2020-05-28,622.0,128,40
twitter,R,A000374,2,34320.0,2019-01-01,,2019-01-01,2020-05-27,1505.0,166,66
twitter,R,A000375,2,18916.0,2019-01-01,,2019-01-03,2020-05-31,1147.0,258,89
twitter,D,A000376,2,40631.0,2019-01-01,,2019-01-03,2020-05-31,1873.0,85,18
twitter,R,A000377,2,18923.0,2019-01-01,,2019-01-02,2020-05-31,2025.0,254,92
twitter,D,A000378,2,26326.0,2019-01-01,,2019-01-01,2020-05-30,1283.0,35,6
twitter,D,B000490,1,21175.0,2019-01-01,,2019-01-04,2020-05-29,260.0,9,3
twitter,D,B000574,1,68376.0,2019-01-01,,2019-01-01,2020-05-29,866.0,225,52
twitter,R,B000575,2,125924.0,2019-01-01,,2019-01-01,2020-05-29,2219.0,83,23
twitter,R,B000755,2,60551.0,2019-01-01,,2019-01-01,2020-05-31,2737.0,172,65
twitter,D,B000944,2,519473.0,2019-01-01,,2019-01-01,2020-05-31,2194.0,967,288
twitter,R,B001135,1,178114.0,2019-01-01,,2019-01-01,2020-05-01,287.0,371,119
twitter,D,B001230,2,172230.0,2019-01-01,,2019-01-01,2020-05-31,2380.0,180,61
twitter,R,B001236,2,102174.0,2019-01-01,,2019-01-01,2020-05-28,1795.0,77,23
twitter,R,B001243,2,236005.0,2019-01-01,,2019-01-01,2020-05-31,3246.0,1590,613
twitter,R,B001248,1,31445.0,2019-01-01,,2019-01-01,2020-05-31,1264.0,54,25
twitter,D,B001251,1,21185.0,2019-01-01,,2019-01-01,2020-05-29,912.0,63,25
twitter,R,B001257,1,32025.0,2019-01-01,,2019-01-02,2020-05-31,571.0,16,7
twitter,R,B001260,1,30360.0,2019-01-01,,2019-01-02,2020-05-30,473.0,125,46
twitter,R,B001261,2,145670.0,2019-01-01,,2019-01-03,2020-05-29,871.0,676,211
twitter,D,B001267,2,349245.0,2019-01-01,,2019-01-01,2020-05-30,4658.0,345,82
twitter,D,B001270,2,128102.0,2019-01-01,,2019-01-02,2020-05-31,1218.0,980,287
twitter,R,B001274,2,40112.0,2019-01-01,,2019-01-03,2020-05-31,1433.0,118,51
twitter,R,B001275,2,25109.0,2019-01-01,,2019-01-03,2020-05-30,752.0,31,9
twitter,D,B001277,1,649150.0,2019-01-01,,2019-01-01,2020-05-31,2747.0,1159,394
twitter,D,B001278,1,30920.0,2019-01-01,,2019-01-01,2020-05-31,2820.0,25,7
twitter,D,B001281,2,51879.0,2019-01-01,,2019-01-01,2020-05-31,4352.0,88,28
twitter,R,B001282,2,28783.0,2019-01-01,,2019-01-01,2020-05-31,1156.0,60,23
twitter,R,B001284,2,27299.0,2019-01-01,,2019-01-02,2020-05-30,1342.0,28,9
twitter,D,B001285,2,23170.0,2019-01-01,,2019-01-01,2020-05-29,1835.0,41,11
twitter,D,B001286,2,46342.0,2019-01-01,,2019-01-01,2020-05-30,2782.0,48,15
twitter,D,B001287,2,41769.0,2019-01-01,,2019-01-01,2020-05-30,1343.0,48,12
twitter,D,B001288,2,4645382.0,2019-01-01,,2019-01-01,2020-05-31,4057.0,2726,463
twitter,R,B001289,2,58494.0,2019-01-01,,2019-01-01,2020-05-30,4723.0,150,53
twitter,R,B001291,3,17870.0,2019-01-01,,2019-01-03,2020-05-31,1410.0,53,21
twitter,D,B001292,2,91990.0,2019-01-01,,2019-01-01,2020-05-31,7898.0,532,180
twitter,R,B001295,2,14992.0,2019-01-01,,2019-01-03,2020-05-31,714.0,48,15
twitter,D,B001296,2,47827.0,2019-01-01,,2019-01-01,2020-05-31,2905.0,293,76
twitter,R,B001297,2,43684.0,2019-01-01,,2019-01-08,2020-05-29,751.0,431,149
twitter,R,B001298,2,18240.0,2019-01-01,,2019-01-01,2020-05-31,5061.0,33,11
twitter,R,B001299,2,38888.0,2019-01-01,,2019-01-01,2020-05-31,3702.0,219,122
twitter,D,B001300,2,33635.0,2019-01-01,,2019-01-01,2020-05-31,2054.0,125,49
twitter,R,B001301,2,9992.0,2019-01-01,,2019-01-02,2020-05-29,412.0,58,21
twitter,R,B001302,2,195051.0,2019-01-01,,2019-01-01,2020-05-31,8598.0,1346,529
twitter,D,B001303,2,18583.0,2019-01-01,,2019-01-03,2020-05-31,846.0,118,30
twitter,D,B001304,2,26065.0,2019-01-01,,2019-01-01,2020-05-31,1574.0,96,28
twitter,R,B001305,2,22174.0,2019-01-01,,2019-01-01,2020-05-30,1366.0,201,71
twitter,R,B001306,2,11946.0,2019-01-01,,2019-01-04,2020-05-29,1137.0,17,5
twitter,R,B001307,2,5650.0,2019-01-01,,2019-01-03,2020-05-30,383.0,11,3
twitter,D,B001308,2,22736.0,2019-01-01,,2019-01-01,2020-05-31,1985.0,26,5
twitter,R,B001309,2,53354.0,2019-01-01,,2019-01-01,2020-05-31,5608.0,102,14
twitter,R,B001310,2,34938.0,2019-01-01,,2019-01-02,2020-05-29,1443.0,349,117
twitter,R,B001311,1,16512.0,2019-09-17,,2019-09-17,2020-05-31,635.0,319,116
twitter,R,C000059,2,23908.0,2019-01-01,,2019-01-03,2020-05-31,1447.0,69,24
twitter,D,C000127,2,242341.0,2019-01-01,,2019-01-02,2020-05-30,1843.0,82,24
twitter,D,C000141,2,257261.0,2019-01-01,,2019-01-01,2020-05-31,1581.0,148,75
twitter,D,C000174,2,104684.0,2019-01-01,,2019-01-02,2020-05-31,2089.0,57,18
twitter,R,C000266,2,36648.0,2019-01-01,,2019-02-14,2020-05-30,1002.0,88,34
twitter,D,C000537,2,104169.0,2019-01-01,,2019-01-03,2020-05-31,1645.0,515,154
twitter,D,C000754,2,29427.0,2019-01-01,,2019-01-03,2020-05-30,1660.0,71,17
twitter,R,C000880,1,112140.0,2019-01-01,,2019-01-01,2020-05-29,1653.0,89,24
twitter,D,C000984,2,523278.0,2019-01-01,2019-10-16,2019-01-02,2019-10-11,940.0,6112,1584
twitter,R,C001035,2,554650.0,2019-01-01,,2019-01-01,2020-05-31,828.0,546,100
twitter,R,C001047,2,88723.0,2019-01-01,,2019-01-01,2020-05-31,2579.0,122,32
twitter,D,C001049,1,11533.0,2019-01-01,,2019-01-01,2020-05-31,7830.0,12,4
twitter,R,C001051,2,25885.0,2019-01-01,,2019-01-01,2020-05-30,1371.0,23,9
twitter,R,C001053,1,26789.0,2019-01-01,,2019-01-09,2020-05-31,630.0,79,28
twitter,D,C001055,2,5542.0,2019-01-01,,2019-01-07,2020-05-30,855.0,8,2
twitter,R,C001056,2,282573.0,2019-01-01,,2019-01-01,2020-05-31,8019.0,412,140
twitter,D,C001059,1,22244.0,2019-01-01,,2019-01-02,2020-05-30,664.0,17,5
twitter,D,C001061,2,47913.0,2019-01-01,,2019-01-02,2020-05-31,1932.0,85,28
twitter,R,C001062,1,25694.0,2019-01-01,,2019-01-04,2020-05-08,191.0,76,27
twitter,D,C001063,2,25794.0,2019-01-01,,2019-01-03,2020-05-31,924.0,16,5
twitter,D,C001066,2,23458.0,2019-01-01,,2019-01-01,2020-05-31,3575.0,22,7
twitter,D,C001067,2,74454.0,2019-01-01,,2019-01-01,2020-05-31,1657.0,68,20
twitter,D,C001068,2,74861.0,2019-01-01,,2019-01-01,2020-05-31,3470.0,361,123
twitter,D,C001069,2,25989.0,2019-01-01,,2019-01-01,2020-05-31,1368.0,18,6
twitter,D,C001070,2,428096.0,2019-01-01,,2019-01-03,2020-05-31,2830.0,501,142
twitter,D,C001072,2,53315.0,2019-01-01,,2019-01-01,2020-05-30,918.0,154,46
twitter,R,C001075,2,72331.0,2019-01-01,,2019-01-01,2020-05-31,2728.0,224,68
twitter,D,C001078,2,59932.0,2019-01-01,,2019-01-01,2020-05-31,1277.0,208,87
twitter,D,C001080,2,74496.0,2019-01-01,,2019-01-02,2020-05-29,1210.0,214,80
twitter,D,C001084,2,144305.0,2019-01-01,,2019-01-01,2020-05-31,5235.0,1577,376
twitter,R,C001087,2,30688.0,2019-01-01,,2019-01-01,2020-05-30,1786.0,114,44
twitter,D,C001088,1,161756.0,2019-01-01,,2019-01-02,2020-05-31,3274.0,175,49
twitter,D,C001090,2,17094.0,2019-01-01,,2019-01-07,2020-05-29,624.0,26,9
twitter,D,C001091,2,278099.0,2019-01-01,,2019-01-01,2020-05-31,11311.0,1658,383
twitter,R,C001092,2,20532.0,2019-01-01,2019-09-30,2019-01-01,2019-09-24,284.0,10,2
twitter,R,C001093,2,425382.0,2019-01-01,,2019-01-01,2020-05-31,1975.0,3938,1470
twitter,R,C001094,2,19048.0,2019-01-01,,2019-01-11,2020-05-28,58.0,26,10
twitter,R,C001095,2,364929.0,2019-01-01,,2019-01-01,2020-05-30,1923.0,1503,618
twitter,R,C001096,2,35971.0,2019-01-01,,2019-01-03,2020-05-31,2137.0,129,47
twitter,D,C001097,2,22699.0,2019-01-01,,2019-01-03,2020-05-31,1246.0,30,10
twitter,R,C001098,2,5272289.0,2019-01-01,,2019-01-01,2020-05-31,8601.0,4322,1235
twitter,D,C001101,2,84058.0,2019-01-01,,2019-01-01,2020-05-31,2572.0,228,66
twitter,R,C001103,3,35794.0,2019-01-01,,2019-01-02,2020-05-31,968.0,108,48
twitter,R,C001108,1,15463.0,2019-01-01,,2019-01-03,2020-05-29,271.0,115,24
twitter,R,C001109,2,196584.0,2019-01-01,,2019-01-01,2020-05-30,845.0,2949,913
twitter,D,C001110,1,10058.0,2019-01-01,,2019-01-03,2020-05-20,325.0,41,13
twitter,D,C001111,2,44976.0,2019-01-01,,2019-01-02,2020-05-31,1162.0,31,11
twitter,D,C001112,2,13474.0,2019-01-01,,2019-01-01,2020-05-31,1933.0,25,7
twitter,D,C001113,2,74274.0,2019-01-01,,2019-01-01,2020-05-30,3335.0,47,14
twitter,R,C001114,2,13076.0,2019-01-01,,2019-01-01,2020-05-29,1799.0,31,15
twitter,R,C001115,2,10030.0,2019-01-01,,2019-01-11,2020-05-30,351.0,208,74
twitter,D,C001117,2,46203.0,2019-01-01,,2019-01-01,2020-05-31,4620.0,240,53
twitter,R,C001118,2,20376.0,2019-01-01,,2019-01-02,2020-05-31,803.0,77,32
twitter,D,C001119,2,38831.0,2019-01-01,,2019-01-01,2020-05-31,2159.0,50,11
twitter,R,C001120,2,1530886.0,2019-01-01,,2019-01-02,2020-05-31,1990.0,12687,3239
twitter,D,C001121,2,61312.0,2019-01-01,,2019-01-01,2020-05-30,2013.0,163,42
twitter,D,C001122,2,63076.0,2019-01-01,,2019-01-01,2020-05-29,1938.0,280,75
twitter,D,C001123,2,25402.0,2019-01-01,,2019-01-01,2020-05-31,2539.0,32,10
twitter,D,C001124,2,14553.0,2019-01-01,,2019-01-01,2020-05-31,1658.0,29,8
twitter,D,D000096,1,14764.0,2019-01-01,,2019-01-01,2020-05-31,1415.0,18,7
twitter,D,D000191,2,36400.0,2019-01-01,,2019-01-02,2020-05-31,753.0,99,32
twitter,D,D000197,2,54388.0,2019-01-01,,2019-01-01,2020-05-31,1471.0,160,60
twitter,D,D000216,2,47952.0,2019-01-01,,2019-01-02,2020-05-30,1296.0,43,12
twitter,D,D000399,2,38351.0,2019-01-01,,2019-01-01,2020-05-31,3998.0,37,13
twitter,D,D000482,2,20982.0,2019-01-01,,2019-01-01,2020-05-31,1370.0,18,6
twitter,D,D000563,2,681777.0,2019-01-01,,2019-01-01,2020-05-31,5653.0,393,134
twitter,D,D000598,1,23610.0,2019-01-01,,2019-01-03,2020-05-31,386.0,42,11
twitter,R,D000600,2,62747.0,2019-01-01,,2019-01-01,2020-05-31,2098.0,228,137
twitter,D,D000610,1,69320.0,2019-01-01,,2019-01-02,2020-05-31,2763.0,345,106
twitter,R,D000614,2,61120.0,2019-01-01,2019-09-22,2019-01-01,2019-09-20,1218.0,168,45
twitter,R,D000615,2,64918.0,2019-01-01,,2019-01-01,2020-05-30,2135.0,186,59
twitter,R,D000616,2,21181.0,2019-01-01,,2019-01-03,2020-05-31,1573.0,58,27
twitter,D,D000617,2,31575.0,2019-01-01,,2019-01-01,2020-05-30,1981.0,26,6
twitter,R,D000618,2,64629.0,2019-01-01,,2019-01-01,2020-05-30,1153.0,387,96
twitter,R,D000619,2,26580.0,2019-01-01,,2019-01-01,2020-05-29,1378.0,26,8
twitter,D,D000622,2,620064.0,2019-01-01,,2019-01-01,2020-05-31,3080.0,952,253
twitter,D,D000623,2,18165.0,2019-01-01,,2019-01-02,2020-05-30,2748.0,28,7
twitter,D,D000624,2,109698.0,2019-01-01,,2019-01-03,2020-05-31,2123.0,493,105
twitter,R,D000626,1,20687.0,2019-01-01,,2019-01-02,2020-05-31,1601.0,110,38
twitter,D,D000627,2,148219.0,2019-01-01,,2019-01-01,2020-05-31,4859.0,1147,340
twitter,R,D000628,2,10266.0,2019-01-01,,2019-01-03,2020-05-30,646.0,25,8
twitter,D,D000629,2,182097.0,2019-01-01,,2019-01-02,2020-05-29,1513.0,482,91
twitter,D,D000630,2,42962.0,2019-01-01,,2019-01-01,2020-05-30,4212.0,62,11
twitter,D,D000631,2,42563.0,2019-01-01,,2019-01-02,2020-05-29,2014.0,544,121
twitter,D,E000179,1,51923.0,2019-01-01,,2019-01-01,2020-05-30,1592.0,172,65
twitter,D,E000215,2,47638.0,2019-01-01,,2019-01-11,2020-05-30,396.0,49,12
twitter,R,E000285,1,102615.0,2019-01-01,,2019-01-07,2020-05-30,532.0,50,15
twitter,R,E000294,2,24114.0,2019-01-01,,2019-01-02,2020-05-31,1126.0,22,4
twitter,R,E000295,3,143283.0,2019-01-01,,2019-01-01,2020-05-31,3435.0,208,56
twitter,D,E000296,2,20319.0,2019-01-01,,2019-01-01,2020-05-31,8341.0,44,18
twitter,D,E000297,3,32516.0,2019-01-01,,2019-01-01,2020-05-31,3836.0,47,17
twitter,R,E000298,2,7520.0,2019-01-01,,2019-01-01,2020-05-30,897.0,51,15
twitter,D,E000299,2,100043.0,2019-01-01,,2019-01-01,2020-05-31,4949.0,328,92
twitter,D,F000062,1,1432611.0,2019-01-01,,2019-01-01,2020-05-31,2072.0,1452,430
twitter,R,F000449,1,23146.0,2019-01-01,,2019-01-03,2020-05-30,505.0,25,9
twitter,R,F000450,2,28637.0,2019-01-01,,2019-01-03,2020-05-31,916.0,168,61
twitter,D,F000454,2,44872.0,2019-01-01,,2019-01-03,2020-05-31,1633.0,39,10
twitter,D,F000455,2,49352.0,2019-01-01,,2019-01-01,2020-05-31,1240.0,58,25
twitter,R,F000459,2,21303.0,2019-01-01,,2019-01-01,2020-05-31,1425.0,83,29
twitter,R,F000461,2,24893.0,2019-01-01,,2019-01-01,2020-05-31,4511.0,18,8
twitter,D,F000462,2,33087.0,2019-01-01,,2019-01-01,2020-05-31,1708.0,61,15
twitter,R,F000463,2,100503.0,2019-01-01,,2019-01-01,2020-05-31,1387.0,164,46
twitter,R,F000465,2,9674.0,2019-01-01,,2019-01-02,2020-05-29,483.0,45,14
twitter,R,F000466,2,16537.0,2019-01-01,,2019-01-03,2020-05-31,1114.0,23,4
twitter,D,F000467,2,36582.0,2019-01-01,,2019-01-02,2020-05-30,1144.0,200,32
twitter,D,F000468,2,30694.0,2019-01-01,,2019-01-03,2020-05-31,1528.0,38,8
twitter,R,F000469,2,7765.0,2019-01-01,,2019-01-04,2020-05-30,704.0,73,30
twitter,R,G000061,1,47910.0,2020-05-19,,2020-05-19,2020-05-25,3.0,9095,1871
twitter,R,G000359,1,1659038.0,2019-01-01,,2019-01-01,2020-05-30,2267.0,9095,2255
twitter,R,G000377,1,24770.0,2019-01-01,,2019-01-04,2020-05-31,642.0,46,15
twitter,R,G000386,3,614186.0,2019-01-01,,2019-01-01,2020-05-31,4083.0,756,246
twitter,R,G000546,1,14783.0,2019-01-01,,2019-01-02,2020-05-29,1167.0,55,23
twitter,D,G000551,2,41973.0,2019-01-01,,2019-01-01,2020-05-31,1974.0,86,40
twitter,R,G000552,1,322936.0,2019-01-01,,2019-01-02,2020-05-30,1075.0,829,282
twitter,D,G000553,2,77871.0,2019-01-01,,2019-01-01,2020-05-31,638.0,1127,338
twitter,D,G000555,2,1532737.0,2019-01-01,,2019-01-03,2020-05-30,3132.0,1658,303
twitter,R,G000558,2,23876.0,2019-01-01,,2019-01-15,2020-05-28,210.0,23,7
twitter,D,G000559,2,34863.0,2019-01-01,,2019-01-01,2020-05-29,1784.0,20,7
twitter,R,G000560,2,26104.0,2019-01-01,,2019-01-01,2020-05-30,752.0,35,13
twitter,R,G000562,2,166058.0,2019-01-01,,2019-01-01,2020-05-30,1508.0,262,117
twitter,R,G000563,2,39291.0,2019-01-01,,2019-01-03,2020-05-29,432.0,51,28
twitter,R,G000565,1,114720.0,2019-01-01,,2019-01-03,2020-05-30,3298.0,1087,393
twitter,R,G000568,2,33388.0,2019-01-01,,2019-01-07,2020-05-31,372.0,77,43
twitter,D,G000571,2,1069080.0,2019-01-01,,2019-01-01,2020-05-28,2671.0,3670,844
twitter,D,G000574,2,130157.0,2019-01-01,,2019-01-01,2020-05-30,4510.0,343,78
twitter,R,G000576,2,10719.0,2019-01-01,,2019-01-02,2020-05-29,1429.0,21,10
twitter,R,G000577,2,18962.0,2019-01-01,,2019-01-07,2020-05-30,794.0,13,3
twitter,R,G000578,2,1274871.0,2019-01-01,,2019-01-01,2020-05-31,6703.0,5291,1715
twitter,R,G000579,2,26359.0,2019-01-01,,2019-01-02,2020-05-29,1503.0,117,65
twitter,D,G000581,2,6847.0,2019-01-01,,2019-01-03,2020-05-29,910.0,29,8
twitter,D,G000583,2,18641.0,2019-01-01,,2019-01-01,2020-05-31,3407.0,11,2
twitter,R,G000584,2,,2019-01-01,,2019-06-14,2019-07-10,14.0,38,9
twitter,D,G000585,2,29878.0,2019-01-01,,2019-01-01,2020-05-31,3677.0,49,14
twitter,D,G000586,2,26276.0,2019-01-01,,2019-01-01,2020-05-31,2938.0,51,13
twitter,D,G000587,2,64431.0,2019-01-01,,2019-01-01,2020-05-31,3971.0,225,70
twitter,R,G000588,2,16598.0,2019-01-01,,2019-01-01,2020-05-31,1309.0,85,26
twitter,R,G000589,2,12250.0,2019-01-01,,2019-01-10,2020-05-31,1008.0,251,98
twitter,R,G000590,2,51625.0,2019-01-01,,2019-01-01,2020-05-30,1962.0,566,220
twitter,R,G000591,2,7491.0,2019-01-01,,2019-01-01,2020-05-31,810.0,58,15
twitter,D,G000592,2,16457.0,2019-01-01,,2019-01-03,2020-05-28,702.0,33,8
twitter,D,H000324,2,28179.0,2019-01-01,,2019-01-01,2020-05-31,1467.0,17,7
twitter,D,H000874,2,135789.0,2019-01-01,,2019-01-01,2020-05-31,4080.0,67,26
twitter,D,H001038,2,25585.0,2019-01-01,,2019-01-03,2020-05-31,1674.0,14,5
twitter,D,H001042,2,454166.0,2019-01-01,,2019-01-03,2020-05-30,702.0,3566,1064
twitter,D,H001046,2,200777.0,2019-01-01,,2019-01-01,2020-05-30,1494.0,193,59
twitter,D,H001047,1,110961.0,2019-01-01,,2019-01-01,2020-05-31,1640.0,705,172
twitter,R,H001048,2,19667.0,2019-01-01,2020-01-12,2019-01-03,2020-01-07,315.0,71,24
twitter,R,H001052,1,19782.0,2019-01-01,,2019-01-01,2020-05-25,276.0,301,176
twitter,R,H001053,1,30958.0,2019-01-01,,2019-01-01,2020-05-30,1007.0,250,102
twitter,R,H001056,2,24626.0,2019-01-01,,2019-01-01,2020-05-28,744.0,20,5
twitter,R,H001058,2,26023.0,2019-01-01,,2019-01-01,2020-05-30,1668.0,44,14
twitter,R,H001061,1,105625.0,2019-01-01,,2019-01-03,2020-05-29,919.0,97,23
twitter,D,H001064,2,41333.0,2019-01-01,,2019-01-02,2020-05-30,873.0,164,41
twitter,R,H001065,2,18422.0,2019-01-01,,2019-01-01,2020-05-04,181.0,98,52
twitter,D,H001066,2,23235.0,2019-01-01,,2019-01-01,2020-05-31,2518.0,21,7
twitter,R,H001067,2,23961.0,2019-01-01,,2019-01-01,2020-05-29,1246.0,71,22
twitter,D,H001068,2,47164.0,2019-01-01,,2019-01-01,2020-05-31,5575.0,101,23
twitter,R,H001071,2,68061.0,2019-01-01,,2019-01-02,2020-05-31,1794.0,665,246
twitter,R,H001072,2,22280.0,2019-01-01,,2019-01-01,2020-05-31,1612.0,56,33
twitter,R,H001073,1,70372.0,2019-01-01,,2019-01-02,2020-05-31,687.0,568,179
twitter,R,H001074,1,11797.0,2019-01-01,,2019-01-08,2020-05-26,376.0,23,7
twitter,D,H001075,2,4973516.0,2019-01-01,,2019-01-01,2020-05-31,6250.0,10278,2262
twitter,D,H001076,2,160441.0,2019-01-01,,2019-01-02,2020-05-30,2209.0,43,16
twitter,R,H001077,2,14325.0,2019-01-01,,2019-01-03,2020-05-27,447.0,109,41
twitter,R,H001079,2,31667.0,2019-01-01,,2019-01-03,2020-05-31,1607.0,88,28
twitter,D,H001080,2,162841.0,2019-01-01,,2019-01-01,2020-05-31,4887.0,320,71
twitter,D,H001081,2,73802.0,2019-01-01,,2019-01-01,2020-05-31,2183.0,91,19
twitter,R,H001082,2,6410.0,2019-01-01,,2019-01-02,2020-05-29,463.0,92,38
twitter,D,H001083,2,24371.0,2019-01-01,,2019-01-02,2020-05-31,965.0,101,14
twitter,D,H001085,2,41049.0,2019-01-01,,2019-01-01,2020-05-29,1576.0,71,17
twitter,D,H001087,2,161919.0,2019-01-01,2019-11-02,2019-01-01,2019-11-02,2224.0,854,198
twitter,R,H001088,2,8100.0,2019-01-01,,2019-01-05,2020-05-30,1052.0,17,6
twitter,R,H001089,2,215194.0,2019-01-01,,2019-01-01,2020-05-31,3197.0,1585,723
twitter,D,H001090,2,32717.0,2019-01-01,,2019-01-02,2020-05-31,1984.0,102,32
twitter,R,I000024,2,83321.0,2019-01-01,,2019-01-01,2020-05-30,1375.0,318,98
twitter,R,I000055,1,70253.0,2019-01-01,2019-12-30,2019-01-01,2019-12-29,1118.0,79,25
twitter,D,J000032,1,89610.0,2019-01-01,,2019-01-04,2020-05-31,3924.0,110,35
twitter,D,J000126,1,34478.0,2019-01-01,,2019-01-03,2020-05-27,441.0,52,14
twitter,R,J000255,1,24332.0,2019-01-01,2019-02-09,2019-01-01,2019-02-05,8.0,42,11
twitter,D,J000288,2,48407.0,2019-01-01,,2019-01-01,2020-05-31,1637.0,88,28
twitter,R,J000289,1,1380944.0,2019-01-01,,2019-01-01,2020-05-29,1257.0,27400,9545
twitter,R,J000292,2,45279.0,2019-01-01,,2019-01-01,2020-05-31,1084.0,69,26
twitter,R,J000293,2,142317.0,2019-01-01,,2019-01-01,2020-05-29,1023.0,366,127
twitter,D,J000294,2,265308.0,2019-01-01,,2019-01-01,2020-05-31,915.0,4528,1244
twitter,R,J000295,2,25042.0,2019-01-01,,2019-01-01,2020-05-31,1055.0,21,7
twitter,D,J000298,2,368534.0,2019-01-01,,2019-01-01,2020-05-31,8520.0,697,166
twitter,R,J000299,2,65665.0,2019-01-01,,2019-01-04,2020-05-30,1844.0,757,255
twitter,D,J000300,2,268683.0,2019-01-01,,2019-01-04,2020-05-31,1191.0,1383,314
twitter,R,J000301,2,12512.0,2019-01-01,,2019-01-01,2020-05-30,972.0,141,42
twitter,R,J000302,2,10494.0,2019-01-01,,2019-01-03,2020-05-30,929.0,147,51
twitter,D,K000009,2,24799.0,2019-01-01,,2019-01-03,2020-05-29,785.0,43,12
twitter,D,K000188,2,21171.0,2019-01-01,,2019-01-03,2020-05-27,345.0,14,3
twitter,R,K000210,2,40983.0,2019-01-01,,2019-01-06,2020-05-31,471.0,765,209
twitter,R,K000362,1,122999.0,2019-01-01,,2019-01-01,2020-05-28,510.0,636,245
twitter,D,K000367,2,1117581.0,2019-01-01,,2019-01-01,2020-05-31,4219.0,3682,697
twitter,D,K000368,2,16986.0,2019-01-01,,2019-01-01,2020-05-31,2083.0,30,10
twitter,D,K000375,2,21987.0,2019-01-01,,2019-01-01,2020-05-30,255.0,52,17
twitter,R,K000376,2,24284.0,2019-01-01,,2019-01-01,2020-05-31,543.0,1299,428
twitter,R,K000378,2,79651.0,2019-01-01,,2019-01-01,2020-05-31,654.0,1226,300
twitter,D,K000379,2,894097.0,2019-01-01,,2019-01-02,2020-05-31,3074.0,2539,687
twitter,D,K000380,2,49352.0,2019-01-01,,2019-01-01,2020-05-31,1240.0,266,64
twitter,D,K000381,2,29268.0,2019-01-01,,2019-01-01,2020-05-30,2052.0,22,4
twitter,D,K000382,2,28385.0,2019-01-01,,2019-01-01,2020-05-29,1729.0,49,11
twitter,(D),K000383,1,225488.0,2019-01-01,,2019-01-03,2020-05-29,998.0,287,78
twitter,D,K000384,1,989931.0,2019-01-01,,2019-01-04,2020-05-30,703.0,1834,440
twitter,D,K000385,2,36305.0,2019-01-01,,2019-01-01,2020-05-31,3001.0,27,10
twitter,R,K000386,1,18317.0,2019-01-01,,2019-01-03,2020-05-31,549.0,16,4
twitter,R,K000388,1,10903.0,2019-01-01,,2019-01-01,2020-05-28,883.0,86,25
twitter,D,K000389,2,286470.0,2019-01-01,,2019-01-01,2020-05-31,8713.0,671,202
twitter,D,K000391,2,71055.0,2019-01-01,,2019-01-01,2020-05-31,2302.0,130,36
twitter,R,K000392,2,13042.0,2019-01-01,,2019-01-01,2020-05-30,1025.0,72,22
twitter,R,K000393,1,134431.0,2019-01-01,,2019-01-01,2020-05-29,863.0,728,219
twitter,D,K000394,2,27758.0,2019-01-01,,2019-01-01,2020-05-31,1506.0,40,9
twitter,R,K000395,2,10654.0,2019-06-03,,2019-06-04,2020-05-30,1343.0,273,100
twitter,D,L000174,1,202976.0,2019-01-01,,2019-01-03,2020-05-31,2676.0,517,192
twitter,D,L000287,1,1165058.0,2019-01-01,,2019-01-18,2020-05-30,105.0,22604,4771
twitter,D,L000397,2,68750.0,2019-01-01,,2019-01-03,2020-05-22,566.0,390,142
twitter,D,L000480,2,38125.0,2019-01-01,,2019-01-01,2020-05-29,998.0,57,14
twitter,R,L000491,2,22069.0,2019-01-01,,2019-01-03,2020-05-30,678.0,29,12
twitter,D,L000551,2,302050.0,2019-01-01,,2019-01-01,2020-05-31,4941.0,508,144
twitter,D,L000557,2,29557.0,2019-01-01,,2019-01-03,2020-05-29,1524.0,12,5
twitter,D,L000559,2,27936.0,2019-01-01,,2019-01-01,2020-05-30,1669.0,37,11
twitter,D,L000560,2,23692.0,2019-01-01,,2019-01-02,2020-05-31,2565.0,21,7
twitter,D,L000562,2,28728.0,2019-01-01,,2019-01-01,2020-05-29,1040.0,20,5
twitter,D,L000563,2,19435.0,2019-01-01,,2019-01-01,2020-05-30,1744.0,35,16
twitter,R,L000564,1,31821.0,2019-01-01,,2019-01-03,2020-05-30,902.0,388,142
twitter,D,L000565,2,12717.0,2019-01-01,,2019-01-01,2020-05-27,348.0,31,8
twitter,R,L000566,2,40786.0,2019-01-01,,2019-01-01,2020-05-30,1144.0,21,6
twitter,R,L000569,2,14633.0,2019-01-01,,2019-01-01,2020-05-29,429.0,24,8
twitter,D,L000570,2,34614.0,2019-01-01,,2019-01-02,2020-05-31,3629.0,44,15
twitter,R,L000575,2,99874.0,2019-01-01,,2019-01-03,2020-05-31,1722.0,182,53
twitter,R,L000576,2,34310.0,2019-01-01,,2019-01-01,2020-05-30,20560.0,34,13
twitter,R,L000577,2,584688.0,2019-01-01,,2019-01-03,2020-05-25,494.0,1159,284
twitter,R,L000578,2,23821.0,2019-01-01,,2019-01-01,2020-05-29,874.0,232,89
twitter,D,L000579,2,34154.0,2019-01-01,,2019-01-01,2020-05-31,2119.0,46,16
twitter,D,L000581,2,26462.0,2019-01-01,,2019-01-01,2020-05-31,1651.0,33,8
twitter,D,L000582,2,1464357.0,2019-01-01,,2019-01-01,2020-05-31,6698.0,8539,2464
twitter,R,L000583,1,25681.0,2019-01-01,,2019-01-01,2020-05-31,708.0,166,90
twitter,R,L000585,2,17875.0,2019-01-01,,2019-01-02,2020-05-30,1121.0,126,42
twitter,D,L000586,2,11404.0,2019-01-01,,2019-01-03,2020-05-31,671.0,12,4
twitter,D,L000588,2,102366.0,2019-01-01,,2019-01-02,2020-05-31,582.0,330,82
twitter,R,L000589,2,102706.0,2019-01-01,,2019-01-01,2020-05-31,2869.0,566,195
twitter,D,L000590,2,24239.0,2019-01-01,,2019-01-02,2020-05-31,4223.0,30,12
twitter,D,L000591,2,55566.0,2019-01-01,,2019-01-03,2020-05-31,2831.0,117,30
twitter,D,L000592,2,25689.0,2019-01-01,,2019-01-01,2020-05-30,1631.0,250,53
twitter,D,L000593,2,126882.0,2019-01-01,,2019-01-01,2020-05-31,3279.0,673,204
twitter,R,L000594,2,53856.0,2020-01-01,,2020-01-01,2020-05-31,1452.0,256,67
twitter,D,M000087,2,80262.0,2019-01-01,,2019-01-02,2020-05-31,7925.0,197,65
twitter,D,M000133,2,231640.0,2019-01-01,,2019-01-01,2020-05-31,4816.0,412,106
twitter,D,M000312,2,91709.0,2019-01-01,,2019-01-01,2020-05-31,2906.0,584,278
twitter,R,M000355,2,130756.0,2019-01-01,,2019-01-03,2020-05-29,3320.0,165,43
twitter,D,M000639,2,194015.0,2019-01-01,,2019-01-01,2020-05-29,4214.0,125,67
twitter,D,M000687,1,1277.0,2020-05-05,,2020-05-06,2020-05-30,19.0,12,2
twitter,R,M000934,1,110034.0,2019-01-01,,2019-01-02,2020-05-30,1324.0,154,42
twitter,D,M001111,2,464120.0,2019-01-01,,2019-01-02,2020-05-31,5219.0,240,83
twitter,D,M001137,1,29910.0,2019-01-01,,2019-01-01,2020-05-31,1892.0,27,9
twitter,D,M001143,2,38218.0,2019-01-01,,2019-01-01,2020-05-31,3197.0,47,16
twitter,R,M001153,1,293326.0,2019-01-01,,2019-01-02,2020-05-31,3113.0,117,22
twitter,R,M001156,2,31387.0,2019-01-01,,2019-01-01,2020-05-30,945.0,36,14
twitter,R,M001157,2,41464.0,2019-01-01,,2019-01-01,2020-05-31,1850.0,70,36
twitter,R,M001158,2,27966.0,2019-01-01,,2019-01-04,2020-03-27,35.0,21,13
twitter,R,M001159,2,52447.0,2019-01-01,,2019-01-01,2020-05-27,1192.0,60,25
twitter,D,M001160,2,41022.0,2019-01-01,,2019-01-02,2020-05-31,2902.0,45,16
twitter,D,M001163,2,39807.0,2019-01-01,,2019-01-03,2020-05-31,714.0,35,9
twitter,R,M001165,1,69350.0,2019-01-01,,2019-02-12,2020-05-30,158.0,2965,929
twitter,D,M001166,2,29298.0,2019-01-01,,2019-01-01,2020-05-30,373.0,23,8
twitter,D,M001169,2,928548.0,2019-01-01,,2019-01-01,2020-05-31,4249.0,6014,1723
twitter,D,M001176,2,570021.0,2019-01-01,,2019-01-01,2020-05-31,3603.0,1329,496
twitter,R,M001177,2,23493.0,2019-01-01,,2019-01-07,2020-05-29,271.0,75,26
twitter,R,M001179,1,21561.0,2019-01-01,2019-01-22,2019-01-03,2019-01-10,6.0,113,33
twitter,R,M001180,1,31530.0,2019-01-01,,2019-01-10,2020-05-30,1056.0,7,2
twitter,D,M001183,1,199027.0,2019-01-01,,2019-01-02,2020-05-31,2165.0,174,38
twitter,R,M001184,1,139202.0,2019-01-01,,2019-01-01,2020-05-30,3265.0,847,235
twitter,D,M001185,2,123373.0,2019-01-01,,2019-01-01,2020-05-31,2209.0,552,127
twitter,R,M001187,3,597384.0,2019-01-01,2020-03-29,2019-01-02,2020-03-10,1944.0,15900,5848
twitter,D,M001188,2,54143.0,2019-01-01,,2019-01-01,2020-05-31,4200.0,115,26
twitter,R,M001190,2,25184.0,2019-01-01,,2019-01-02,2020-05-30,1213.0,71,26
twitter,R,M001194,2,13079.0,2019-01-01,,2019-01-03,2020-05-31,109.0,9,4
twitter,R,M001195,2,18334.0,2019-01-01,,2019-01-02,2020-05-31,751.0,242,97
twitter,D,M001196,2,156961.0,2019-01-01,,2019-01-01,2020-05-31,3095.0,217,41
twitter,R,M001197,2,159971.0,2019-01-01,,2019-01-01,2020-05-31,2060.0,697,193
twitter,R,M001198,1,7028.0,2019-01-01,,2019-01-02,2020-05-31,1214.0,55,17
twitter,R,M001199,2,39827.0,2019-01-01,,2019-01-02,2020-05-31,1862.0,92,30
twitter,D,M001200,2,16633.0,2019-01-01,,2019-01-01,2020-05-31,2128.0,34,9
twitter,R,M001201,1,8665.0,2019-01-01,,2019-01-02,2020-05-31,908.0,65,18
twitter,D,M001202,2,34418.0,2019-01-01,,2019-01-01,2020-05-30,2125.0,60,16
twitter,D,M001203,2,41174.0,2019-01-01,,2019-01-02,2020-05-31,1865.0,314,97
twitter,R,M001204,2,14076.0,2019-01-01,,2019-01-03,2020-05-29,821.0,286,99
twitter,R,M001205,2,10864.0,2019-01-01,,2019-01-03,2020-05-30,805.0,91,28
twitter,D,M001206,2,8957.0,2019-01-01,,2019-01-03,2020-05-31,1988.0,18,4
twitter,D,M001207,2,43187.0,2019-01-01,,2019-01-01,2020-05-31,5033.0,83,28
twitter,D,M001208,3,155453.0,2019-01-01,,2019-01-03,2020-05-31,1239.0,952,186
twitter,D,M001209,2,34095.0,2019-01-01,,2019-01-03,2020-05-31,941.0,64,13
twitter,R,M001210,2,14724.0,2019-09-17,,2019-09-17,2020-05-31,296.0,660,242
twitter,D,N000002,2,387009.0,2019-01-01,,2019-01-02,2020-05-30,1574.0,3161,974
twitter,D,N000015,2,33494.0,2019-01-01,,2019-01-01,2020-05-30,883.0,87,25
twitter,D,N000179,1,36250.0,2019-01-01,,2019-01-03,2020-05-29,915.0,18,7
twitter,R,N000181,2,1151316.0,2019-01-01,,2019-01-01,2020-05-31,1071.0,11213,4271
twitter,D,N000188,2,13011.0,2019-01-01,,2019-01-01,2020-05-31,1289.0,9,3
twitter,R,N000189,1,14747.0,2019-01-01,,2019-01-03,2020-05-29,1000.0,16,6
twitter,R,N000190,2,14355.0,2019-01-01,,2019-01-01,2020-05-30,684.0,210,74
twitter,D,N000191,2,54254.0,2019-01-01,,2019-01-01,2020-05-30,3525.0,167,41
twitter,R,O000168,2,25766.0,2019-01-01,,2019-01-01,2020-05-31,3350.0,25,8
twitter,D,O000171,2,25377.0,2019-01-01,,2019-01-02,2020-05-31,1939.0,15,4
twitter,D,O000172,2,7241799.0,2019-01-01,,2019-01-01,2020-05-31,4527.0,45570,8559
twitter,D,O000173,2,2752292.0,2019-01-01,,2019-01-01,2020-05-31,7928.0,9880,1847
twitter,D,P000034,2,41292.0,2019-01-01,,2019-01-01,2020-05-31,3285.0,26,11
twitter,D,P000096,3,61773.0,2019-01-01,,2019-01-01,2020-05-31,5005.0,222,71
twitter,D,P000197,2,5209170.0,2019-01-01,,2019-01-01,2020-05-31,5372.0,13579,3669
twitter,R,P000449,2,170109.0,2019-01-01,,2019-01-01,2020-05-30,4088.0,90,31
twitter,D,P000523,1,33644.0,2019-01-01,,2019-01-02,2020-05-31,1455.0,186,56
twitter,D,P000593,2,38364.0,2019-01-01,,2019-01-01,2020-05-31,2039.0,27,7
twitter,D,P000595,2,138852.0,2019-01-01,,2019-01-01,2020-05-31,2240.0,116,34
twitter,D,P000597,1,28432.0,2019-01-01,,2019-01-02,2020-05-30,1285.0,44,11
twitter,R,P000599,1,25155.0,2019-01-01,,2019-04-10,2020-05-30,84.0,31,25
twitter,R,P000601,2,20754.0,2019-01-01,,2019-01-03,2020-05-31,1789.0,50,22
twitter,R,P000603,2,2889986.0,2019-01-01,,2019-01-01,2020-05-28,1260.0,9240,2783
twitter,D,P000604,1,21259.0,2019-01-01,,2019-01-01,2020-05-29,982.0,15,5
twitter,R,P000605,1,28567.0,2019-01-01,,2019-01-03,2020-05-29,733.0,258,104
twitter,D,P000607,2,113315.0,2019-01-01,,2019-01-01,2020-05-31,3574.0,276,93
twitter,D,P000608,3,40957.0,2019-01-01,,2019-01-01,2020-05-31,3098.0,32,8
twitter,R,P000609,2,21779.0,2019-01-01,,2019-01-03,2020-05-29,465.0,23,8
twitter,R,P000612,2,100932.0,2019-01-01,,2019-01-01,2020-05-31,1829.0,234,63
twitter,D,P000613,2,12141.0,2019-01-01,,2019-01-03,2020-05-31,1986.0,18,4
twitter,D,P000614,2,21805.0,2019-01-01,,2019-01-01,2020-05-29,1841.0,39,9
twitter,R,P000615,2,16824.0,2019-01-01,,2019-01-01,2020-05-30,917.0,150,49
twitter,D,P000616,2,31016.0,2019-01-01,,2019-01-05,2020-05-31,1553.0,125,36
twitter,D,P000617,2,918867.0,2019-01-01,,2019-01-01,2020-05-31,6516.0,2249,365
twitter,D,P000618,2,698285.0,2019-01-01,,2019-01-01,2020-05-29,1953.0,3366,744
twitter,D,Q000023,2,50507.0,2019-01-01,,2019-01-01,2020-05-31,2356.0,127,30
twitter,D,R000122,1,97949.0,2019-01-01,,2019-01-02,2020-05-30,1022.0,101,39
twitter,R,R000307,2,83251.0,2019-01-01,,2019-01-01,2020-05-30,928.0,187,47
twitter,R,R000395,1,18665.0,2019-01-01,,2019-01-11,2020-05-26,271.0,26,9
twitter,D,R000486,1,29892.0,2019-01-01,,2019-01-01,2020-05-31,2312.0,18,7
twitter,D,R000515,1,33865.0,2019-01-01,,2019-01-01,2020-05-29,1871.0,448,111
twitter,R,R000575,2,28938.0,2019-01-01,,2019-01-02,2020-05-29,1369.0,14,5
twitter,D,R000576,2,17262.0,2019-01-01,,2019-01-01,2020-05-29,1115.0,11,3
twitter,D,R000577,2,142735.0,2019-01-01,,2019-01-01,2020-05-31,4638.0,241,54
twitter,R,R000582,1,21832.0,2019-01-01,,2019-01-01,2020-05-29,572.0,96,29
twitter,R,R000584,1,97638.0,2019-01-01,,2019-01-01,2020-05-29,670.0,91,25
twitter,R,R000585,2,22331.0,2019-01-01,,2019-01-01,2020-05-31,731.0,28,8
twitter,D,R000588,2,39732.0,2019-01-01,,2019-01-01,2020-05-31,648.0,39,12
twitter,R,R000591,2,36387.0,2019-01-01,,2019-01-01,2020-05-30,882.0,17,4
twitter,R,R000595,3,4310538.0,2019-01-01,,2019-01-01,2020-05-31,7459.0,1722,780
twitter,R,R000597,2,18007.0,2019-01-01,,2019-01-01,2020-05-31,596.0,48,20
twitter,D,R000599,2,24437.0,2019-01-01,,2019-01-02,2020-05-31,1290.0,39,9
twitter,R,R000601,1,237853.0,2019-01-01,2020-05-21,2019-01-03,2020-04-09,431.0,4196,1518
twitter,D,R000602,2,35991.0,2019-01-01,,2019-01-01,2020-05-30,1232.0,149,46
twitter,R,R000603,2,14874.0,2019-01-01,,2019-01-01,2020-05-29,572.0,52,18
twitter,R,R000605,2,27455.0,2019-01-01,,2019-01-03,2020-05-31,1344.0,43,15
twitter,D,R000606,2,92757.0,2019-01-01,,2019-01-01,2020-05-31,4105.0,256,76
twitter,R,R000607,1,10193.0,2019-01-01,,2019-01-04,2020-05-29,224.0,39,15
twitter,D,R000608,2,64819.0,2019-01-01,,2019-01-01,2020-05-31,3399.0,57,17
twitter,R,R000609,2,11306.0,2019-01-01,,2019-01-01,2020-05-31,703.0,168,67
twitter,R,R000610,2,22416.0,2019-01-01,,2019-01-08,2020-05-31,893.0,361,150
twitter,R,R000611,2,14303.0,2019-01-01,,2019-01-01,2020-05-31,1782.0,75,30
twitter,R,R000612,2,7353.0,2019-01-01,,2019-01-02,2020-05-29,745.0,31,7
twitter,D,R000613,2,48193.0,2019-01-01,,2019-01-02,2020-05-30,2385.0,136,27
twitter,R,R000614,2,58958.0,2019-01-01,,2019-01-01,2020-05-31,20645.0,107,37
twitter,R,R000615,2,2149979.0,2019-01-01,,2019-01-01,2020-05-30,984.0,3789,665
twitter,D,R000616,2,91723.0,2019-01-01,,2019-01-01,2020-05-31,1423.0,209,59
twitter,(D),S000033,2,21801423.0,2019-01-01,,2019-01-01,2020-05-31,8234.0,19081,3693
twitter,D,S000148,2,2392599.0,2019-01-01,,2019-01-01,2020-05-30,3227.0,7921,2342
twitter,D,S000185,2,40037.0,2019-01-01,,2019-01-02,2020-05-29,1061.0,53,17
twitter,R,S000244,1,12733.0,2019-01-01,,2019-01-07,2020-05-30,346.0,262,94
twitter,D,S000248,2,33071.0,2019-01-01,,2019-01-03,2020-05-29,579.0,26,9
twitter,R,S000320,1,91408.0,2019-01-01,,2019-01-02,2020-05-30,654.0,202,53
twitter,D,S000344,1,52350.0,2019-01-01,,2019-01-03,2020-05-31,882.0,105,46
twitter,D,S000510,2,38742.0,2019-01-01,,2019-01-01,2020-05-30,1105.0,110,31
twitter,R,S000522,1,34181.0,2019-01-01,,2019-01-08,2020-05-28,95.0,876,525
twitter,D,S000770,2,178715.0,2019-01-01,,2019-01-01,2020-05-31,1189.0,517,124
twitter,D,S001145,2,52126.0,2019-01-01,,2019-01-02,2020-05-30,3270.0,71,26
twitter,R,S001148,2,19800.0,2019-01-01,,2019-01-01,2020-05-30,620.0,22,6
twitter,D,S001150,2,2713587.0,2019-01-01,,2019-01-01,2020-05-31,1266.0,33903,10007
twitter,D,S001156,2,39630.0,2019-01-01,,2019-01-03,2020-05-31,1618.0,42,11
twitter,D,S001157,2,23471.0,2019-01-01,,2019-01-08,2020-05-30,401.0,7,3
twitter,D,S001165,1,24768.0,2019-01-01,,2019-01-01,2020-05-30,2008.0,19,7
twitter,D,S001168,2,27736.0,2019-01-01,,2019-01-01,2020-05-30,1669.0,66,18
twitter,R,S001172,1,14203.0,2019-01-01,,2019-01-08,2020-05-28,644.0,23,6
twitter,D,S001175,2,174637.0,2019-01-01,,2019-01-01,2020-05-29,2148.0,858,253
twitter,R,S001176,2,491522.0,2019-01-01,,2019-01-01,2020-05-30,2892.0,7193,2820
twitter,D,S001180,2,28735.0,2019-01-01,,2019-01-03,2020-05-29,577.0,36,8
twitter,D,S001181,2,130133.0,2019-01-01,,2019-01-02,2020-05-30,3061.0,62,27
twitter,R,S001183,1,30802.0,2019-01-01,,2019-01-01,2020-05-31,1017.0,41,14
twitter,R,S001184,2,428280.0,2019-01-01,,2019-01-01,2020-05-31,1255.0,1215,301
twitter,D,S001185,2,44671.0,2019-01-01,,2019-01-01,2020-05-31,1414.0,108,33
twitter,R,S001187,2,40052.0,2019-01-01,,2019-01-01,2020-05-29,557.0,21,6
twitter,R,S001189,2,27709.0,2019-01-01,,2019-01-02,2020-05-28,398.0,79,42
twitter,D,S001190,2,30746.0,2019-01-01,,2019-01-02,2020-05-29,1095.0,28,8
twitter,D,S001191,2,261973.0,2019-01-01,,2019-01-01,2020-05-31,3909.0,245,44
twitter,R,S001192,2,39588.0,2019-01-01,,2019-01-03,2020-05-30,934.0,256,91
twitter,D,S001193,2,996642.0,2019-01-01,,2019-01-01,2020-05-31,5321.0,7355,1722
twitter,D,S001194,2,348532.0,2019-01-01,,2019-01-01,2020-05-31,5887.0,4608,907
twitter,R,S001195,2,43828.0,2019-01-01,,2019-01-01,2020-05-31,1178.0,119,41
twitter,R,S001196,2,565562.0,2019-01-01,,2019-01-01,2020-05-31,4062.0,1565,467
twitter,R,S001197,2,428532.0,2019-01-01,,2019-01-09,2020-03-30,275.0,1086,204
twitter,R,S001198,2,50048.0,2019-01-01,,2019-01-03,2020-05-27,1052.0,91,32
twitter,R,S001199,2,13915.0,2019-01-01,,2019-01-01,2020-05-31,1141.0,228,69
twitter,D,S001200,2,20793.0,2019-01-01,,2019-01-01,2020-05-31,2906.0,27,11
twitter,D,S001201,2,17327.0,2019-01-01,,2019-01-01,2020-05-31,773.0,59,25
twitter,D,S001203,2,124095.0,2019-01-01,,2019-01-01,2020-05-31,2274.0,177,36
twitter,D,S001205,2,53081.0,2019-01-01,,2019-01-01,2020-05-31,4082.0,249,72
twitter,D,S001206,2,43478.0,2019-01-01,,2019-01-03,2020-05-31,2497.0,82,29
twitter,D,S001207,2,64367.0,2019-01-01,,2019-01-01,2020-05-30,1982.0,110,21
twitter,D,S001208,2,89183.0,2019-01-01,,2019-01-02,2020-05-29,1053.0,561,118
twitter,D,S001209,2,82526.0,2019-01-01,,2019-01-01,2020-05-31,3854.0,134,32
twitter,R,S001210,2,9588.0,2019-01-01,,2019-01-31,2020-05-31,1028.0,43,18
twitter,D,S001211,2,71473.0,2019-01-01,,2019-01-01,2020-05-29,1006.0,64,16
twitter,R,S001212,2,11639.0,2019-01-01,,2019-01-02,2020-05-30,1128.0,35,12
twitter,R,S001213,2,10201.0,2019-01-01,,2019-01-01,2020-05-31,2042.0,54,24
twitter,R,S001214,2,18543.0,2019-01-01,,2019-01-10,2020-05-31,812.0,85,35
twitter,D,S001215,2,52118.0,2019-01-01,,2019-01-01,2020-05-31,4598.0,120,22
twitter,D,S001216,2,19854.0,2019-01-01,,2019-01-03,2020-05-29,851.0,58,14
twitter,R,S001217,2,458702.0,2019-01-08,,2019-01-08,2020-05-31,5132.0,680,350
twitter,R,T000165,1,9290.0,2020-05-19,,2020-05-19,2020-05-31,17.0,1189,266
twitter,D,T000193,1,17337.0,2019-01-01,,2019-01-08,2020-05-29,1190.0,88,25
twitter,R,T000238,1,16655.0,2019-01-01,,2019-01-06,2020-05-28,220.0,15,7
twitter,R,T000250,1,101239.0,2019-01-01,,2019-01-03,2020-05-29,1179.0,269,83
twitter,D,T000460,2,33341.0,2019-01-01,,2019-01-01,2020-05-31,3310.0,58,17
twitter,R,T000461,2,154184.0,2019-01-01,,2019-01-01,2020-05-25,487.0,264,83
twitter,R,T000463,2,44347.0,2019-01-01,,2019-01-03,2020-05-28,363.0,438,102
twitter,D,T000464,2,131510.0,2019-01-01,,2019-01-02,2020-05-29,843.0,169,36
twitter,R,T000467,2,22706.0,2019-01-01,,2019-01-02,2020-05-30,1248.0,13,4
twitter,D,T000468,2,46947.0,2019-01-01,,2019-01-01,2020-05-31,2889.0,53,14
twitter,D,T000469,2,27977.0,2019-01-01,,2019-01-02,2020-05-31,2957.0,9,3
twitter,R,T000470,2,30056.0,2019-01-01,,2019-01-03,2020-05-30,771.0,36,22
twitter,D,T000472,2,58534.0,2019-01-01,,2019-01-01,2020-05-29,1655.0,274,109
twitter,D,T000474,2,37108.0,2019-01-01,,2019-01-01,2020-05-31,2399.0,79,26
twitter,R,T000476,2,147201.0,2019-01-01,,2019-01-02,2020-05-31,2311.0,269,82
twitter,R,T000479,2,13666.0,2019-01-01,,2019-01-03,2020-05-29,549.0,24,8
twitter,R,T000480,2,6325.0,2019-01-01,,2019-01-03,2020-05-30,615.0,40,15
twitter,D,T000481,2,1281549.0,2019-01-01,,2019-01-01,2020-05-31,5661.0,3647,770
twitter,D,T000482,2,28059.0,2019-01-01,,2019-01-01,2020-05-31,4159.0,51,11
twitter,D,T000483,2,17783.0,2019-01-01,,2019-01-01,2020-05-31,2054.0,68,20
twitter,D,T000484,2,28305.0,2019-01-01,,2019-01-03,2020-05-31,752.0,56,11
twitter,R,U000031,2,30834.0,2019-01-01,,2019-01-03,2020-05-31,1672.0,50,12
twitter,D,U000039,2,181912.0,2019-01-01,,2019-01-01,2020-05-29,1804.0,196,67
twitter,D,U000040,2,189165.0,2019-01-01,,2019-01-01,2020-05-29,1993.0,523,113
twitter,D,V000081,2,73239.0,2019-01-01,,2019-01-01,2020-05-31,5418.0,84,26
twitter,D,V000108,2,16031.0,2019-01-01,,2019-01-04,2020-03-07,90.0,40,7
twitter,D,V000128,1,174819.0,2019-01-01,,2019-01-01,2020-05-31,1237.0,776,286
twitter,D,V000130,1,24222.0,2019-01-01,,2019-01-01,2020-05-29,594.0,64,19
twitter,D,V000131,2,33343.0,2019-01-01,,2019-01-02,2020-05-29,1442.0,37,14
twitter,D,V000132,2,17218.0,2019-01-01,,2019-01-01,2020-05-28,545.0,13,5
twitter,R,V000133,3,27865.0,2019-01-01,,2019-01-09,2020-05-30,608.0,48,12
twitter,D,W000187,1,1333744.0,2019-01-01,,2019-01-13,2020-05-30,382.0,21407,5394
twitter,R,W000437,2,111872.0,2019-01-01,,2019-01-01,2020-05-30,2060.0,143,58
twitter,D,W000779,2,487860.0,2019-01-01,,2019-01-01,2020-05-31,2273.0,1097,418
twitter,R,W000791,2,33564.0,2019-01-01,,2019-01-01,2020-05-29,958.0,34,7
twitter,R,W000795,2,36512.0,2019-01-01,,2019-01-02,2020-05-31,875.0,27,10
twitter,D,W000797,2,380664.0,2019-01-01,,2019-01-02,2020-05-31,2439.0,58,21
twitter,R,W000798,2,20426.0,2019-01-01,,2019-01-03,2020-05-31,842.0,53,18
twitter,D,W000800,2,38969.0,2019-01-01,,2019-01-02,2020-05-31,354.0,588,136
twitter,D,W000802,2,366018.0,2019-01-01,,2019-01-02,2020-05-30,4206.0,685,253
twitter,R,W000804,2,29908.0,2019-01-01,,2019-01-03,2020-05-30,1430.0,29,13
twitter,D,W000805,2,485377.0,2019-01-01,,2019-01-01,2020-05-31,2097.0,1648,510
twitter,R,W000806,1,26568.0,2019-01-01,,2019-01-04,2020-05-30,242.0,40,16
twitter,D,W000808,1,74799.0,2019-01-01,,2019-01-02,2020-05-31,1925.0,116,41
twitter,R,W000809,2,25586.0,2019-01-01,,2019-01-01,2020-05-30,2143.0,37,13
twitter,R,W000810,1,16705.0,2019-01-01,,2019-01-01,2020-05-28,641.0,21,9
twitter,R,W000812,2,32381.0,2019-01-01,,2019-01-01,2020-05-29,834.0,136,45
twitter,R,W000813,2,24509.0,2019-01-01,,2019-01-01,2020-05-31,1171.0,57,18
twitter,R,W000814,2,20045.0,2019-01-01,,2019-01-01,2020-05-30,887.0,79,26
twitter,R,W000815,2,35071.0,2019-01-01,,2019-01-01,2020-05-30,1161.0,60,19
twitter,R,W000816,2,18662.0,2019-01-01,,2019-01-01,2020-05-30,1455.0,69,25
twitter,D,W000817,2,10106041.0,2019-01-01,,2019-01-01,2020-05-31,9051.0,7829,1518
twitter,R,W000819,2,36283.0,2019-01-01,,2019-01-01,2020-05-31,2435.0,260,88
twitter,R,W000821,3,15521.0,2019-01-01,,2019-01-01,2020-05-29,999.0,39,13
twitter,D,W000822,2,34053.0,2019-01-01,,2019-01-03,2020-05-31,2287.0,121,44
twitter,R,W000823,2,39932.0,2019-01-01,,2019-01-01,2020-05-31,3199.0,186,86
twitter,R,W000824,2,11812.0,2019-01-01,,2019-01-01,2020-05-29,942.0,168,62
twitter,D,W000825,2,49237.0,2019-01-01,,2019-01-01,2020-05-31,2936.0,144,38
twitter,D,W000826,2,13566.0,2019-01-01,,2019-01-02,2020-05-31,1891.0,35,11
twitter,R,W000827,2,8034.0,2019-01-01,,2019-01-04,2020-05-30,897.0,156,66
twitter,R,Y000033,2,22251.0,2019-01-01,,2019-01-03,2020-05-31,469.0,15,5
twitter,D,Y000062,1,47755.0,2019-01-01,,2019-01-01,2020-05-30,896.0,773,191
twitter,R,Y000064,2,66224.0,2019-01-01,,2019-01-02,2020-05-30,2051.0,116,54
twitter,R,Y000065,2,39257.0,2019-01-01,,2019-01-04,2020-05-30,816.0,275,199
twitter,R,Z000017,2,294457.0,2019-01-01,,2019-01-02,2020-05-31,2406.0,4626,1672
